name,birth,incoming_links,outgoing_links,page,latitude,longitude
Tadeusz Kotarbiński, (1886–1981),Stanisław Leśniewski:Kazimierz Twardowski:,pl:Kazimierz Pasenkiewicz:Henryk Greniewski:,/wiki/Tadeusz_Kotarbi%C5%84ski,FILL,FILL
Charles Dunoyer,,,"Claude Henri de Rouvroy, Comte de Saint-Simon:",/wiki/Charles_Dunoyer,FILL,FILL
Adurbad-e Mahrspandan,,,Ibn Miskawayh:,/wiki/Adurbad-i_Mahraspand,FILL,FILL
Daniel Dennett, (born 1942),Charles Darwin:Ludwig Wittgenstein:Wilfrid Sellars:W. V. O. Quine:Richard Dawkins:Gilbert Ryle:David Hume:,Sam Harris:Douglas Hofstadter:Geoffrey Miller:Richard Dawkins:Keith Frankish:Peter Carruthers:,/wiki/Daniel_Dennett,FILL,FILL
Lucien Goldmann, (1913–1970),Max Adler:Jean Piaget:Karl Marx:György Lukács:,Julia Kristeva:,/wiki/Lucien_Goldmann,FILL,FILL
Renan,,,Friedrich Nietzsche:,/wiki/Ernest_Renan,FILL,FILL
Ibn Arabi, (1164–1240),Ibn Masarra:Ibn al-Arif:Ibn Barrajan:Ibn Qasi:Hadith:Qur'an:al-Tamimi:Abu Madyan:,Jami:Yahya Efendi:Shah Waliullah:Abd al-Ghani:Sidi Bou Said:'Iraqi:al-Fanārī:Ibn Ajiba:Shabestari:Ahmed Mohammed al-Maqqari:Ni'matullah:Valsan:Nurbakhsh:Naquib al-Attas:al-Sha'rani:Ismail Hakki Bursevi:Schuon:al-Suyuti:Nasr:Qayṣarī:Fairuzabadi:Nursî:Hamzah Fansuri:Amuli:al-Shushtari:Guénon:al-Jīlī:Qunawi:Abdelkader:Mulla Sadra:Hamadani:Yusuf an-Nabhani:Ibn al-Farid:al-Alawi:Bitlisi:Corbin:Mahmoud:,/wiki/Ibn_Arabi,FILL,FILL
Maurice Merleau-Ponty, (1908–1961),Marcel:Brunschvicg:Uexküll:Malebranche:Chardin:Driesch:Schelling:Husserl:Köhler:Proust:Kojève:Kant:Descartes:Tinbergen:Fink:Lacan:Bergson:Mounier:Saussure:Whitehead:Darwin:Heraclitus:Koffka:Sartre:Beauvoir:Bachelard:Freud:Plotinus:Schilder:Coghill:Nietzsche:Hegel:Lévi-Strauss:Marx:Klein:Gesell:Scheler:Heidegger:Weber:Piaget:,Varela:Zahavi:Diprose:Harman:Lefort:Young:Ricoeur:Schillebeeckx:Lawlor:Simondon:Abram:Crowther:Gallagher:Giorgi:McClamrock:Bourdieu:Vesely:Hillman:Dreyfus:Henry:El-Bizri:Irigaray:Lacan:Butler:Polanyi:Virilio:Thảo:Thompson:Danto:Sartre:Ihde:Foucault:Manha:Guenther:Deleuze:Edie:Ahmed:Johnson:Kompridis:Clark:Barbaras:Castoriadis:Laplanche:,/wiki/Maurice_Merleau-Ponty,FILL,FILL
L. Susan Stebbing,,,Max Black:,/wiki/Susan_Stebbing,FILL,FILL
Ibn Sabin, (1217–1268),Ibn Masarra:Ibn Barrajan:Avempace:Ibn Qasi:'Ilm al-Huruf:Hadith:Averroes:Ibn Tufail:al-Hallaj:al-Farabi:Qur'an:Avicenna:Brethren of Purity:,Ramon Llull:al-Kashani al-Fargani:Afif al-Din Sulayman al Tilimsani:al-Shushtari:Badr al-Din Hasan Ibn Hud:,/wiki/Ibn_Sabin,FILL,FILL
Salomon Maimon,) (1753–1800),Wolff:Leibniz:Spinoza:Hume:Kant:Reinhold:Maimonides:,Deleuze:Reinhold:Fichte:,/wiki/Salomon_Maimon,FILL,FILL
Pierre-Joseph Proudhon, (1809–1865),Adam Smith:G. W. F. Hegel:Alexander Herzen:Charles Fourier:,Mikhail Bakunin:Victor Hugo:Antero de Quental:Friedrich Wilhelm Schulz:Georges Sorel:Karl Marx:Joseph Déjacque:Peter Kropotkin:Francesc Pi i Margall:Errico Malatesta:Benjamin Tucker:Max Stirner:,/wiki/Pierre-Joseph_Proudhon,FILL,FILL
Kracauer,,,Theodor Adorno:,/wiki/Siegfried_Kracauer,FILL,FILL
Slavoj Žižek, (born 1949),Job:Chesterton:Spinoza:Schmitt:Adorno:Strauss:Schelling:Balibar:Badiou:Kant:Engels:Lacan:Lenin:Debenjak:Althusser:Dolar:Freud:Zupančič:Foucault:Hegel:Marx:Rancière:Benjamin:Laclau:Jameson:,Brooks:Dean:Rousselle:Santner:Tsipras:Horvat:Varoufakis:Fisher:Dolar:Zupančič:,/wiki/Slavoj_%C5%BDi%C5%BEek,FILL,FILL
Ferdinand de Saussure, (1857–1913),Oldenberg:Durkheim:Zimmer:Leskien:Pāṇini:,Meillet:Bloomfield:Merleau-Ponty:Mukařovský:Benveniste:Prague school:Jakobson:Lacan:Barthes:R. Harris:Althusser:Derrida:Labov:Foucault:Lévi-Strauss:Hjelmslev:Percy:Firth:Shaumyan:Laclau:,/wiki/Ferdinand_de_Saussure,FILL,FILL
Goffman,,,Michel Foucault:,/wiki/Erving_Goffman,FILL,FILL
Leontiev,,,Nikolai Berdyaev:,/wiki/Konstantin_Leontiev,FILL,FILL
Gerhard von Rad,,,Wolfhart Pannenberg:,/wiki/Gerhard_von_Rad,FILL,FILL
Carl Schmitt, (1888–1985),Edmund Burke:Immanuel Kant:Max Weber:Plato:Søren Kierkegaard:Thomas Hobbes:Georg Wilhelm Friedrich Hegel:Juan Donoso Cortés:Leo Strauss:Joseph de Maistre:René Guénon:Niccolò Machiavelli:Jean-Jacques Rousseau:,Jacob Taubes:Mario Tronti:Slavoj Žižek:Jacques Derrida:Mark Lilla:Hannah Arendt:Copenhagen School:Reinhart Koselleck:Jürgen Habermas:Giorgio Agamben:Hans Morgenthau:Alain de Benoist:Leo Strauss:Chantal Mouffe:Ernst Jünger:Jiang Shigong:Jaime Guzmán:Walter Benjamin:Antonio Negri:,/wiki/Carl_Schmitt,FILL,FILL
Cato the Elder,,,Henry David Thoreau:,/wiki/Cato_the_Elder,FILL,FILL
Nicholas of Cusa, (1401–1464),Aristotle:Proclus:Plato:Pseudo-Dionysius:Ramon Llull:Albertus Magnus:Gemistus Pletho:Bonaventure:Meister Eckhart:Plotinus:Pythagoreanism:Johannes Scottus Eriugena:Thomas Aquinas:,Mário Ferreira dos Santos:John Fisher:Roberto Mangabeira Unger:Karl Jaspers:Thomas More:Pico della Mirandola:Leibniz:Ludwig von Bertalanffy:Nicolaus Copernicus:Harry Mulisch:Giordano Bruno:Galileo Galilei:,/wiki/Nicholas_of_Cusa,FILL,FILL
David Strauss,,,Bruno Bauer:,/wiki/David_Strauss,FILL,FILL
Bhagavad Gita,,,Simone Weil:,/wiki/Bhagavad_Gita,FILL,FILL
John Cook Wilson, (1849–1915),T. H. Green:,W. D. Ross:H. A. Prichard:,/wiki/John_Cook_Wilson,FILL,FILL
Friedrich Nietzsche, (1844–1900),Hölderlin:Herder:Parmenides:Shakespeare:Sainte-Beuve:Mainländer:Sophocles:Socrates:Herzen:Dostoyevsky:Bourget:Spinoza:Spir:Milesian School:Machiavelli:Mill:Aeschylus:Rée:Ortlepp:Euripides:Diogenes Laërtius:Zoroaster:Strauss:von Hellwald:Wagner:Renan:Baudelaire:Hesiod:Kant:Teichmüller:Plato:Stendhal:Montaigne:Heraclitus:Feuerbach:Darwin:Cervantes:Goethe:Epicurus:Pindar:Thucydides:Homer:Maupassant:Bahnsen:Hegel:Spencer:Theognis of Megara:Emerson:Lange:Burckhardt:Archilochus:Xenophon:French Moralists:Schopenhauer:,Auden:Unamuno:Hesse:Ricœur:Spengler:Strindberg:Hamsun:Asad:Klossowski:Sarah Kofman:Adorno:Cioran:Tönnies:Weizmann:Rand:Brandes:Strauss:Campbell:Willard:Mencken:Camus:Proust:Bataille:Buber:Unger:Shestov:Steiner:Derrida:Jung:Malraux:Sartre:Stevens:Iqbal:Foucault:Malaka:Yeats:Deleuze:Nehamas:Rogers:Kaufmann:MacIntyre:Tillich:Adler:Castoriadis:Blanchot:Mann:Heidegger:Weber:,/wiki/Friedrich_Nietzsche,FILL,FILL
Petrus Ramus, (1515–1572),,Jean Bodin:,/wiki/Petrus_Ramus,FILL,FILL
Fakhr al-Din al-Razi, (1149–1209),Ibn Furak:Abu al-Hasan al-Ash'ari:Al-Juwayni:Al-Shafi'i:Al-Ghazali:,Taj al-Din al-Subki:Burhan al-Din al-Nasafi:Ibn Abi Usaybi'a:Al-Safadi:Shihab al-Din al-Qarafi:Athir al-Din al-Abhari:Nizam al-Din al-Nisapuri:Al-Suyuti:,/wiki/Fakhr_al-Din_al-Razi,FILL,FILL
Gottlieb Fichte, (1762–1814),Karl Leonhard Reinhold:Immanuel Kant:Ernst Platner:Salomon Maimon:Gottlob Ernst Schulze:Jean-Jacques Rousseau:Baruch Spinoza:,Friedrich Schleiermacher:Karl Wilhelm Ferdinand Solger:Immanuel Hermann Fichte:Johann Friedrich Herbart:Novalis:C. I. Lewis:Karl August von Eschenmayer:August Ludwig Hülsen:Wilhelm von Humboldt:Max Stirner:Ludwig Tieck:F. W. J. Schelling:Dieter Henrich:G. W. F. Hegel:Jules Lequier:,/wiki/Gottlieb_Fichte,FILL,FILL
Lysander Spooner, (1808–1887),Proudhon:Warren:Greene:Andrews:Tucker:,Rothbard:Barnett:,/wiki/Lysander_Spooner,FILL,FILL
Timon,,,Aenesidemus:,/wiki/Timon_of_Phlius,FILL,FILL
Pythagoras, (582 – 496 BC),Orphism:Anaximander:Themistoclea:Thales:Pherecydes:,Aristotle:Plato:Xenophanes:Pythagoreanism:Empedocles:,/wiki/Pythagoras,FILL,FILL
Mikhail Bakunin, (1814–1876),Hegel:Marx:Proudhon:Feuerbach:Herzen:Buonarroti:,Neill:Malatesta:Marcuse:Thompson:Guérin:Korsch:Chomsky:Postman:Kropotkin:Cafiero:Nechaev:Goldman:,/wiki/Mikhail_Bakunin,FILL,FILL
Joseph Dietzgen, (1828–1888),Hegel:Marx:Feuerbach:Spinoza:Leibniz:Kant:,Lenin:Pannekoek:Marx:,/wiki/Joseph_Dietzgen,FILL,FILL
Heinrich Schlier,,,Rudolf Bultmann:,/wiki/Heinrich_Schlier,FILL,FILL
Sri Aurobindo, (1872–1950),,Ken Wilber:Haridas Chaudhuri:Mirra Alfassa:Auroville:,/wiki/Sri_Aurobindo,FILL,FILL
Old Testament,,,Hildegard of Bingen:,/wiki/Old_Testament,FILL,FILL
New Testament,,,Hildegard of Bingen:,/wiki/New_Testament,FILL,FILL
Gemistus Pletho, (c. 1355 – c. 1452),Plotinus:Plato:Demetrios Kydones:,John Argyropoulos:Hermonymus of Sparta:Nicholas of Cusa:Marsilio Ficino:Cosimo de' Medici:Bessarion:,/wiki/Gemistus_Pletho,FILL,FILL
al-Tamimi,,,Ibn Arabi:,/wiki/Mohammed_ibn_Qasim_al-Tamimi,FILL,FILL
William Godwin, (1756–1836),d'Holbach:Rousseau:Helvétius:,Percy Bysshe Shelley:Herbert Read:,/wiki/William_Godwin,FILL,FILL
Gandillac,,,Gilles Deleuze:,/wiki/Maurice_de_Gandillac,FILL,FILL
Hildegard of Bingen, (1098–1179),Jutta von Sponheim:New Testament:Bernard of Clairvaux:John the Evangelist:John Scotus Eriugena:Old Testament:Paul the Apostle:Genesis:Augustine of Hippo:,Frederick I Barbarossa:Eugene III:Margot Fassler:Volmar:Abbot Suger:Elisabeth of Schönau:Grace McLean:constructed language:Rudolf Steiner:New Age movement:Anastasius IV:Mélanie Lipinska:,/wiki/Hildegard_of_Bingen,FILL,FILL
Hans Hahn,,,Herbert Feigl:,/wiki/Hans_Hahn_(mathematician),FILL,FILL
Auguste Comte, (1798–1857),Maistre:Bichat:Bacon:Condorcet:Diderot:Ibn Khaldun:Descartes:Saint-Simon:,Émile Durkheim:Eugen Dühring:Edward Spencer Beesly:Charles Darwin:George Henry Lewes:Karl Marx:Sigmund Freud:John Stuart Mill:Herbert Spencer:Pierre Laffitte:Harriet Martineau:Charles Maurras:Leo Strauss:Émile Littré:Friedrich Nietzsche:Frederic Harrison:,/wiki/Auguste_Comte,FILL,FILL
Horace W. B. Joseph,,,Brand Blanshard:,/wiki/H._W._B._Joseph,FILL,FILL
Thomas Bayes,,,Richard C. Jeffrey:,/wiki/Thomas_Bayes,FILL,FILL
Grenier,,,Albert Camus:,/wiki/Jean_Grenier,FILL,FILL
Gustav Bergmann, (1906–1987),Friedrich Waismann:Walther Mayer:Rudolf Carnap:Moritz Schlick:,John O'Neill:Berlin Circle:Vienna Circle:,/wiki/Gustav_Bergmann,FILL,FILL
John Lucas (philosopher), (born 1929),Kurt Gödel:,Roger Penrose:,/wiki/John_Lucas_(philosopher),FILL,FILL
Islamic philosophy,,,Adelard of Bath:,/wiki/Islamic_philosophy,FILL,FILL
Francisco Suárez, (1548–1617),Aristotle:Avicenna:Alonso Rodriguez:Duns Scotus:Scholasticism:Thomas Aquinas:,Grotius:Wolff:Dos Santos:Bueno:Hale:Zubiri:Leibniz:Descartes:Heidegger:Salgado:,/wiki/Francisco_Su%C3%A1rez,FILL,FILL
Norman Malcolm, (1911–1990),Anselm of Canterbury:Søren Kierkegaard:Ludwig Wittgenstein:René Descartes:Oets Kolk (O.K.) Bouwsma:,Sydney Shoemaker:Oets Kolk (O.K.) Bouwsma:John Rawls:,/wiki/Norman_Malcolm,FILL,FILL
Ludwig Andreas Feuerbach, (1804–1872),Hegel:Jacobi:Daub:Luther:Spinoza:Böhme:Schleiermacher:,Nietzsche:Buber:Marx:Darwin:Wagner:Freud:Malaka:Bauer:Engels:Stirner:,/wiki/Ludwig_Andreas_Feuerbach,FILL,FILL
Cassuto,,,Leo Strauss:,/wiki/Umberto_Cassuto,FILL,FILL
Emily Brontë,,,Emil Cioran:,/wiki/Emily_Bront%C3%AB,FILL,FILL
Max Horkheimer, (1895–1973),Dilthey:Hegel:Marx:Pollock:Cornelius:Freud:Kant:Schopenhauer:Adorno:,Marcuse:Habermas:Benjamin:Fromm:Adorno:,/wiki/Max_Horkheimer,FILL,FILL
André Bazin,,,Stanley Cavell:,/wiki/Andr%C3%A9_Bazin,FILL,FILL
Francis Parker Yockey, (1917–1960),Joseph de Maistre:Karl Haushofer:Carl Schmitt:Oswald Spengler:Gregor Strasser:Ernst Niekisch:Ernst Jünger:Julius Evola:,H. Keith Thompson:Christian Bouchet:Willis Carto:James H. Madole:,/wiki/Francis_Parker_Yockey,FILL,FILL
Ibn Miskawayh, (940–1030),al-Kindi:Adurbad-e Mahrspandan:,Mulla Sadra:Nasir al-Din Tusi:,/wiki/Ibn_Miskawayh,FILL,FILL
Piera Aulagnier,,,Cornelius Castoriadis:,/wiki/Piera_Aulagnier,FILL,FILL
Edmund Schlink,,,Wolfhart Pannenberg:,/wiki/Edmund_Schlink,FILL,FILL
Melanie Klein,,,Cornelius Castoriadis:,/wiki/Melanie_Klein,FILL,FILL
Michel Foucault, (1926–1984),Klages:Hyppolite:Merleau-Ponty:Dumézil:Sade:Kant:Lagache:Canguilhem:Bataille:Barthes:Montaigne:Althusser:Bachelard:Freud:Deleuze:Nietzsche:Hegel:Marx:Artaud:Goffman:Blanchot:Heidegger:,Giorgio Agamben:Judith Butler:Stephen Greenblatt:David Halperin:Jacques Rancière:Edward Said:Pierre Bourdieu:Paul Rabinow:Gilles Deleuze:Félix Guattari:Hubert Dreyfus:Talal Asad:Saba Mahmood:,/wiki/Michel_Foucault,FILL,FILL
Guy Debord, (1931–1994),Isidore Isou:Dada:Andre Breton:Henri Lefebvre:Friedrich Engels:Comte de Lautréamont:Karl Marx:Anton Pannekoek:Frankfurt School:György Lukács:Cornelius Castoriadis:Georges Bataille:G. W. F. Hegel:Marquis de Sade:Jean-Paul Sartre:,Giorgio Agamben:Paul Virilio:Ken Knabb:Tiqqun:Post-left anarchy:May 1968:Jean Baudrillard:John Zerzan:Punk rock:,/wiki/Guy_Debord,FILL,FILL
Axel Hägerström,,,Alf Niels Christian Ross:,/wiki/Axel_H%C3%A4gerstr%C3%B6m,FILL,FILL
George Berkeley, (1685–1753),John Locke:Isaac Newton:Bayle:Nicolas Malebranche:,Arthur Schopenhauer:Immanuel Kant:Ernst Mach:Jorge Luis Borges:John Stuart Mill:David Hume:Thomas Reid:,/wiki/George_Berkeley,FILL,FILL
Antoine Destutt de Tracy, (1754–1836),Condillac:Cabanis:Locke:Condorcet:,Jefferson:,/wiki/Antoine_Destutt_de_Tracy,FILL,FILL
Gaston Bachelard, (1884–1962),Charles Nodier:Auguste Comte:Émile Meyerson:Carl Jung:Abel Rey:Léon Brunschvicg:Max Picard:,Georges Canguilhem:Rogelio Salmona:Nader El-Bizri:Michel Foucault:François Dagognet:Don Ihde:Cornelius Castoriadis:Gilbert Durand:Alexandre Koyré:Pierre Bourdieu:Gilles Deleuze:Dominique Lecourt:Louis Althusser:Michel Serres:Maurice Merleau-Ponty:Jules Vuillemin:,/wiki/Gaston_Bachelard,FILL,FILL
Daub,,,Ludwig Andreas Feuerbach:,/wiki/Karl_Daub,FILL,FILL
Pierre Corneille,,,Voltaire:,/wiki/Pierre_Corneille,FILL,FILL
Franz Joseph Gall,,,Jerry Fodor:,/wiki/Franz_Joseph_Gall,FILL,FILL
Giovanni Gentile, (1875–1944),Nietzsche:Hegel:Bertrando Spaventa:Plato:Marx:Pasquale Galluppi:Rosmini:Darwin:Vincenzo Gioberti:Croce:Giambattista Vico:Freud:Giuseppe Mazzini:,Ugo Spirito:Giuseppe Bottai:Giovanni Treccani:Margherita Sarfatti:Benedetto Croce:Benito Mussolini:A. James Gregor:Armando Carlini:Luigi Federzoni:,/wiki/Giovanni_Gentile,FILL,FILL
Robert Brenner,,,Gáspár Miklós Tamás:,/wiki/Robert_Brenner,FILL,FILL
Theodor Adorno, (1903–1969),Spengler:Kracauer:Husserl:Horkheimer:Schoenberg:Cornelius:Baudelaire:Lukács:Proust:Kant:Simmel:Freud:Berg:Kafka:Kierkegaard:Hegel:Nietzsche:Marx:Benjamin:Bloch:Mann:Weber:,Butler:Honneth:Zerzan:Marcuse:Bauman:Geuss:Habermas:Horkheimer:Benjamin:Fisher:Reichelt:Badiou:Jameson:Žižek:,/wiki/Theodor_Adorno,FILL,FILL
Nelson Goodman, (1906–1998),Rudolf Carnap:Immanuel Kant:Carl G. Hempel:C. I. Lewis:David Hume:W. V. O. Quine:,Donald Davidson:Sidney Morgenbesser:Stanley Cavell:Israel Scheffler:Jerry Fodor:Arthur Danto:Kendall Walton:Catherine Elgin:Hilary Putnam:Noam Chomsky:Stephen Stich:W. V. O. Quine:,/wiki/Nelson_Goodman,FILL,FILL
Jesus of Nazareth,,,Thomas Jefferson:,/wiki/Jesus,FILL,FILL
Felix Ravaisson-Mollien, (1813–1900),Aristotle:Victor Cousin:Descartes:Schelling:Leibniz:Maine de Biran:Pascal:,Pierre Hadot:Louis Lavelle:Paul Ricœur:Martin Heidegger:Dominique Janicaud:Henri Bergson:François Laruelle:Maurice Merleau-Ponty:,/wiki/Felix_Ravaisson-Mollien,FILL,FILL
Muhammad Iqbal, (1877–1938),Jami:Syed Mir Hassan:Sayyid Ali Hujwiri:Thomas Walker Arnold:Abd al-Karīm al-Jīlī:Bismil Azimabadi:Henri Bergson:Mir Sayyid Ali Hamadani:Johann Wolfgang von Goethe:Vladimir Lenin:Friedrich Nietzsche:Rumi:,Muhammad Ali Jinnah:Abul A'la Maududi:Ale Ahmed Suroor:Syed Jawad Naqvi:Dewan Mohammad Azraf:Muhammad Ishaq Madni:Pakistan Movement:Faiz Ahmed Faiz:Fateh Muhammad Malik:Khushwant Singh:Israr Ahmed:Ali Shariati:Islamic Republic of Pakistan:Muhammad Asad:,/wiki/Muhammad_Iqbal,FILL,FILL
Abraham,,,Søren Kierkegaard:,/wiki/Abraham,FILL,FILL
Emil Cioran, (1911–1995),François de La Rochefoucauld:Martin Heidegger:Philipp Mainländer:Georg Simmel:Nicolas Chamfort:Ludwig Klages:Constantin Noica:Oswald Spengler:Fyodor Dostoevsky:Joseph de Maistre:Arthur Schopenhauer:Emily Brontë:Immanuel Kant:Teresa of Ávila:Paul Valéry:Søren Kierkegaard:Lev Shestov:Nae Ionescu:Joseph Joubert:Blaise Pascal:Friedrich Nietzsche:,Thomas Ligotti:Fernando Savater:Nick Land:Jean Baudrillard:Eugene Thacker:,/wiki/Emil_Cioran,FILL,FILL
Nicolas Malebranche, (1638–1715),René Descartes:St. Augustine:Thomas Aquinas:,Louis Gabriel Ambroise de Bonald:Montesquieu:George Berkeley:Louis Lavelle:Alain Badiou:Jacob Bernoulli:Giambattista Vico:Augusto Del Noce:Joseph de Maistre:David Hume:Leibniz:J.-J. Rousseau:John Henry Newman:,/wiki/Nicolas_Malebranche,FILL,FILL
Arcesilaus, (316–241 BC),Plato:Crantor:Theophrastus:Pyrrho:Socrates:Crates of Athens:Timon of Phlius:Polemo:,Favorinus:Plutarch:Carneades:Lacydes:Clitomachus:Philo of Larissa:Cicero:,/wiki/Arcesilaus,FILL,FILL
Cooper,,,Dimitri Pisarev:,/wiki/James_Fenimore_Cooper,FILL,FILL
Indian philosophy,,,Henry David Thoreau:,/wiki/Indian_philosophy,FILL,FILL
E. A. Burtt,,,Alexandre Koyre:,/wiki/Edwin_Arthur_Burtt,FILL,FILL
Constantin Noica,,,Emil Cioran:,/wiki/Constantin_Noica,FILL,FILL
Ibn al-Mughallis,,,Ibn Hazm:,/wiki/Ibn_al-Mughallis,FILL,FILL
Nekrasov,,,Nikolai Chernyshevsky:,/wiki/Nikolay_Nekrasov,FILL,FILL
German mysticism,,,Arthur Schopenhauer:,/wiki/Friends_of_God,FILL,FILL
Joseph Raz, (born 1939),Peter Hacker:Hans Kelsen:H. L. A. Hart:,Leslie Green:Timothy Endicott:Matthew Kramer:John Gardner:Scott J. Shapiro:,/wiki/Joseph_Raz,FILL,FILL
Tabataba'i,,,Henry Corbin:,/wiki/Muhammad_Husayn_Tabatabai,FILL,FILL
Nicolai Hartmann, (1882–1950),Immanuel Kant:Plato:Max Scheler:Paul Natorp:Hermann Cohen:G. W. F. Hegel:,Max Scheler:Martin Heidegger:Jitendra Nath Mohanty:,/wiki/Nicolai_Hartmann,FILL,FILL
Katherine Boyle Jones,,,Robert Boyle:,"/wiki/Katherine_Jones,_Viscountess_Ranelagh",FILL,FILL
Karl Julius Schröer,,,Rudolf Steiner:,/wiki/Karl_Julius_Schr%C3%B6er,FILL,FILL
de Staël,,,Ralph Waldo Emerson:,/wiki/Germaine_de_Sta%C3%ABl,FILL,FILL
Curt Ducasse, (1881–1969),Josiah Royce:William James:,Roderick Chisholm:Wilfrid Sellars:,/wiki/Curt_Ducasse,FILL,FILL
Fyodor Dostoyevsky,,,Mikhail Bakhtin:,/wiki/Fyodor_Dostoevsky,FILL,FILL
Rockingham,,,Edmund Burke:,"/wiki/Charles_Watson-Wentworth,_2nd_Marquess_of_Rockingham",FILL,FILL
Harry Frankfurt, (born 1929),Kant:Descartes:Wittgenstein:,Susan Wolf:J. David Velleman:Pamela Hieronymi:John Martin Fischer:,/wiki/Harry_Frankfurt,FILL,FILL
Joseph Butler, (1692–1752),Plato:Thomas Hobbes:Samuel Clarke:John Locke:Francis Hutcheson:,Edmund Burke:C. S. Lewis:David Seabury:David Hume:Jeremy Bentham:John Warwick Montgomery:Adam Smith:Thomas Reid:William Paley:,/wiki/Joseph_Butler,FILL,FILL
John Chrysostum,,,John of Damascus:,/wiki/John_Chrysostom,FILL,FILL
Bertrand Russell, (1872–1970),Moore:Stout:Shelley:James:Spinoza:Hume:Boole:Leibniz:De Morgan:Cantor:Sidgwick:Frege:Mill:Ward:Mach:Santayana:Euclid:Kant:Meinong:Whitehead:Peano:Wittgenstein:,Stephen Hawking:Jacob Bronowski:Robert Oppenheimer:Herbert A. Simon:Txillardegi:A. C. Grayling:Richard Dawkins:Moritz Schlick:Christopher Hitchens:Michael Albert:Paul Kurtz:Joseph Rotblat:Frank Wilczek:Alfred Tarski:Vienna Circle:Colin McGinn:John von Neumann:G. H. Hardy:Jawaharlal Nehru:Isaac Asimov:Donald Davidson:Aleksandr Solzhenitsyn:Marvin Minsky:Buckminster Fuller:A. J. Ayer:Kurt Grelling:John Maynard Keynes:Noam Chomsky:Sidney Hook:Che Guevara:Kurt Gödel:Nathan Salmon:Isaiah Berlin:Rudolf Carnap:Leon Chwistek:Andrei Sakharov:Ray Kurzweil:Karl Popper:Saul Kripke:Martin Gardner:Pervez Hoodbhoy:W. V. Quine:Hilary Putnam:Norbert Wiener:Albert Ellis:Alan Turing:James Joyce:Frank P. Ramsey:Bernard Williams:Thomas Kuhn:Ludwig Wittgenstein:Kurt Vonnegut:John Searle:Edward Said:Daniel Dennett:Carl Sagan:J. L. Austin:Tariq Ali:B. F. Skinner:,/wiki/Bertrand_Russell,FILL,FILL
Paolo Sarpi,,,Thomas Hobbes:,/wiki/Paolo_Sarpi,FILL,FILL
Aenesidemus, (1st century BC),Pyrrho:Heraclitus:Timon:,Favorinus:Plutarch:Sextus Empiricus:,/wiki/Aenesidemus,FILL,FILL
Pietro Giordani,,,Giacomo Leopardi:,/wiki/Pietro_Giordani,FILL,FILL
Moltzer,,,Carl Jung:,/wiki/Maria_Moltzer,FILL,FILL
Aruni,,,Yajnavalkya:,/wiki/Aruni,FILL,FILL
Samuel Beckett,,,Alain Badiou:,/wiki/Samuel_Beckett,FILL,FILL
Emerich de Vattel, (1714–1767), Christian Wolff:Gottfried Wilhelm Leibniz:Samuel Puffendorf:Jean-Jacques Burlamaqui:Hugo Grotius:,George Washington:Western philosophers:Alexander Hamilton:Benjamin Franklin:,/wiki/Emerich_de_Vattel,FILL,FILL
J. L. Austin, (1911–1960),Aristotle:Immanuel Kant:Plato:Gottfried Wilhelm Leibniz:G. E. Moore:John Cook Wilson:Gilbert Ryle:Harold Arthur Prichard:,Jürgen Habermas:Judith Butler:Stanley Cavell:John Searle:Rom Harré:,/wiki/J._L._Austin,FILL,FILL
Philip K. Dick,,,Fredric Jameson:,/wiki/Philip_K._Dick,FILL,FILL
Chou Tun-Yi,) (1017–1073),Mencius:Confucius:,Zhu Xi:Cheng Yi:Cheng Hao:,/wiki/Chou_Tun-Yi,FILL,FILL
Thomas Blackwell,,,Johann Gottfried Herder:,/wiki/Thomas_Blackwell_(scholar),FILL,FILL
Félix Ravaisson-Mollien,,,Henri Bergson:,/wiki/F%C3%A9lix_Ravaisson-Mollien,FILL,FILL
Leszek Kołakowski, (1927–2009),Immanuel Kant:Friedrich Engels:Karl Marx:György Lukács:G. W. F. Hegel:Baruch Spinoza:,Solidarity:José Guilherme Merquior:Noam Chomsky:Christopher Hitchens:,/wiki/Leszek_Ko%C5%82akowski,FILL,FILL
Jean Hyppolite, (1907–1968),Jean Cavaillès:Karl Marx:Georg Wilhelm Friedrich Hegel:,Jacques Derrida:Michel Foucault:Alain Badiou:Gilles Deleuze:Étienne Balibar:Gérard Granel:,/wiki/Jean_Hyppolite,FILL,FILL
Hans Kelsen, (1881–1973),Hume:Kant:Vaihinger:Hermann Cohen:,de:Kunz:Bobbio:Hart:Dreier:Merkl:,/wiki/Hans_Kelsen,FILL,FILL
Jerry Fodor, (1935–2017),Søren Kierkegaard:Sydney Morgenbesser:Hilary Putnam:Franz Joseph Gall:Noam Chomsky:David Hume:,Ernest Lepore:Zenon Pylyshyn:Steven Pinker:,/wiki/Jerry_Fodor,FILL,FILL
Serbian epic poetry,,,Petar II Petrović-Njegoš:,/wiki/Serbian_epic_poetry,FILL,FILL
John Wyclif, (c. 1330 – 1384),Thomas Bradwardine:Richard Fitzralph:Roger Bacon:William of Ockham:Robert Grosseteste:Augustine of Hippo:,William Tyndale:Huldrych Zwingli:Martin Luther:Henry VIII:John Calvin:Jan Hus:,/wiki/John_Wyclif,FILL,FILL
Hobsbawm,,,Ernesto Laclau:,/wiki/Eric_Hobsbawm,FILL,FILL
Rachel Carson,,,Arne Næss:,/wiki/Rachel_Carson,FILL,FILL
Edward Caird, (1835–1908),Benjamin Jowett:,Henry Jones:John Watson:,/wiki/Edward_Caird,FILL,FILL
Founding Fathers,,,Leo Strauss:,/wiki/Founding_Fathers_of_the_United_States,FILL,FILL
Parmenides, (5th century BC),Heraclitus:Xenophanes of Colophon:,Nietzsche:Melissus of Samos:Eleatic School:Meinong:Plato:Spinoza:Socrates:Leibniz:Zeno of Elea:Empedocles:Anaxagoras:Heidegger:Emanuele Severino:,/wiki/Parmenides,FILL,FILL
Parsons,,,Jürgen Habermas:,/wiki/Talcott_Parsons,FILL,FILL
Bleuler,,,Carl Jung:,/wiki/Eugen_Bleuler,FILL,FILL
Tinbergen,,,Maurice Merleau-Ponty:,/wiki/Nikolaas_Tinbergen,FILL,FILL
Ralph Waldo Emerson, (1803–1882),Carlyle:de Gérando:Cousin:Montaigne:Swedenborg:de Staël:Hafez:Mary Moody Emerson:Coleridge:Descartes:,Nietzsche:Thoreau:Marx:James:Freud:Whitman:Muir:Harold Bloom:,/wiki/Ralph_Waldo_Emerson,FILL,FILL
Gottlob Ernst Schulze, (1761–1833),David Hume:Immanuel Kant:,Johann Gottlieb Fichte:,/wiki/Gottlob_Ernst_Schulze,FILL,FILL
Ibn al-Haytham,,,Roger Bacon:,/wiki/Ibn_al-Haytham,FILL,FILL
Marquis de Condorcet, (1743–1794),Leonhard Euler:Jean le Rond d'Alembert:Voltaire:Benjamin Franklin:Jean-Jacques Rousseau:Turgot:,André Chénier:Charles Darwin:Pierre Jean George Cabanis:Karl Marx:Sigmund Freud:Liberalism:Thomas Clarkson:Jean-Marie Roland:Henri de Saint-Simon:Friedrich Nietzsche:Jacques Pierre Brissot:,/wiki/Marquis_de_Condorcet,FILL,FILL
Friedrich Adolf Trendelenburg, (1802–1872),Karl Leonhard Reinhold:Friedrich Schleiermacher:Aristotle:Immanuel Kant:de:Georg Wilhelm Friedrich Hegel:Johann Erich von Berger:,Søren Kierkegaard:Wilhelm Dilthey:Franz Brentano:Friedrich Paulsen:Hermann Cohen:G. S. Morris:Gottlob Frege:Rudolf Christoph Eucken:Ernst Laas:,/wiki/Friedrich_Adolf_Trendelenburg,FILL,FILL
Herbert Marcuse, (1898–1979),Friedrich Pollock:Immanuel Kant:Edmund Husserl:Friedrich Engels:Martin Heidegger:Karl Marx:Sigmund Freud:Theodor W. Adorno:G. W. F. Hegel:Max Horkheimer:Friedrich Nietzsche:,Jürgen Habermas:Xi Jinping:Douglas Kellner:Emerita Quito:Andrew Feenberg:Bob Black:Angela Davis:George Katsiaficas:Norman O. Brown:Abbie Hoffman:,/wiki/Herbert_Marcuse,FILL,FILL
Emil Fackenheim, (1916–2003),Immanuel Kant:Martin Heidegger:Franz Rosenzweig:G. W. F. Hegel:F. W. J. Schelling:Leo Strauss:Baruch Spinoza:,James Doull:Douglas John Hall:,/wiki/Emil_Fackenheim,FILL,FILL
Goldsmith,,,Louis Gabriel Ambroise de Bonald:,/wiki/Oliver_Goldsmith,FILL,FILL
Schuler,,,Ludwig Klages:,/wiki/Alfred_Schuler,FILL,FILL
Rudolf von Jhering, (1818–1892),F. C. von Savigny:Jeremy Bentham:Charles Darwin:,Karl Llewellyn:Philipp Heck:,/wiki/Rudolf_von_Jhering,FILL,FILL
Zhou Dunyi,,,Cheng Yi (philosopher):,/wiki/Zhou_Dunyi,FILL,FILL
Norwood Russell Hanson, (1922–1967),Ludwig Wittgenstein:,Thomas Kuhn:,/wiki/Norwood_Russell_Hanson,FILL,FILL
Susan Haack, (born 1945),Francis Bacon:W. V. O. Quine:C. S. Peirce:Frank P. Ramsey:,Luciano Floridi:,/wiki/Susan_Haack,FILL,FILL
La Boétie,,,Claude Lefort:,/wiki/%C3%89tienne_de_La_Bo%C3%A9tie,FILL,FILL
Alasdair MacIntyre, (born 1929),Aristotle:Imre Lakatos:Søren Kierkegaard:John Henry Newman:Edith Stein:Thomas Kuhn:G. E. M. Anscombe:Karl Barth:Karl Marx:Ludwig Wittgenstein:Friedrich Nietzsche:G. W. F. Hegel:Thomas Aquinas:R. G. Collingwood:Augustine of Hippo:,radical orthodoxy:Stanley Hauerwas:Christian Smith:postliberal theology:Edward Feser:,/wiki/Alasdair_MacIntyre,FILL,FILL
Richard Taylor (philosopher), (1919–2003),Arthur Schopenhauer:,David Foster Wallace:,/wiki/Richard_Taylor_(philosopher),FILL,FILL
Johann Friedrich Herbart, (1776–1841),Johann Gottlieb Fichte:Immanuel Kant:,Friedrich Eduard Beneke:Wilhelm Windelband:Moritz Wilhelm Drobisch:Gustav Hartenstein:Edmund Husserl:Immanuel Hermann Fichte:Hermann Lotze:Antonio Labriola:,/wiki/Johann_Friedrich_Herbart,FILL,FILL
Alfred North Whitehead, (1861–1947),Aristotle:Francis Herbert Bradley:Immanuel Kant:Plato:George Santayana:Gottfried Wilhelm Leibniz:Isaac Newton:William James:John Locke:John Dewey:Henri Bergson:David Hume:,C. D. Broad:F. S. C. Northrop:Michel Weber:Conrad Hal Waddington:Sewall Wright:Maurice Merleau-Ponty:Talcott Parsons:Ilya Prigogine:John Lighton Synge:David Bohm:Donald Davidson:Wilfred Eade Agar:Bertrand Russell:James Luther Adams:Ervin László:Wolfgang Smith:W. V. O. Quine:Eric Voegelin:Ken Wilber:Milič Čapek:Susanne Langer:Gilles Deleuze:B. F. Skinner:Jules Vuillemin:,/wiki/Alfred_North_Whitehead,FILL,FILL
Hermann Lotze, (1817–1881),F. W. J. Schelling:E. H. Weber:Johann Gottlieb Fichte:Alfred Wilhelm Volkmann:G. W. F. Hegel:Christian Hermann Weisse:Johann Friedrich Herbart:Jakob Friedrich Fries:Gustav Theodor Fechner:,James Ward:Wilhelm Windelband:Edmund Husserl:T. H. Green:George Trumbull Ladd:Georg Elias Müller:Josiah Royce:William James:Bertrand Russell:Borden Parker Bowne:Hermann Helmholtz:Carl Stumpf:Gottlob Frege:,/wiki/Hermann_Lotze,FILL,FILL
Lucretius, (c. 99 – 55 BC),Aristotle:Plato:Gaius Memmius:Socrates:Epicurus:,Pierre Gassendi:Arthur Schopenhauer:Charles Darwin:Stephen Greenblatt:Ovid:Montaigne:Karl Marx:Virgil:Sigmund Freud:Gilles Deleuze:Friedrich Nietzsche:Baruch Spinoza:Cicero:,/wiki/Lucretius,FILL,FILL
Al-Hasan ibn 'Ali al-Barbahari,,,Ibn Taymiya:,/wiki/Al-Hasan_ibn_%27Ali_al-Barbahari,FILL,FILL
Johann Schultz,,,Jakob Sigismund Beck:,/wiki/Johann_Friedrich_Schultz,FILL,FILL
Jean-Jacques Burlamaqui,,,Emerich de Vattel:,/wiki/Jean-Jacques_Burlamaqui,FILL,FILL
Gottfried Wilhelm Leibniz,,,Robert Merrihew Adams:,/wiki/Gottfried_Wilhelm_Leibniz,FILL,FILL
Timothy Williamson, (born 1955),,Jason Stanley:John Hawthorne:,/wiki/Timothy_Williamson,FILL,FILL
Luis de Molina, (1535–1600),Augustine of Hippo:Thomas Aquinas:,Alvin Plantinga:William Lane Craig:Western Theology:,/wiki/Luis_de_Molina,FILL,FILL
Vladimir Jankélévitch, (1903–1985),Georg Simmel:Friedrich Wilhelm Joseph von Schelling:Henri Bergson:Lev Shestov:,Arnold Davidson:Emmanuel Levinas:Cynthia Fleury:,/wiki/Vladimir_Jank%C3%A9l%C3%A9vitch,FILL,FILL
James Cone,,,Cornel West:,/wiki/James_H._Cone,FILL,FILL
Jean Buridan, (1300–1358),William of Ockham:Aristotle:Thomas Bradwardine:Porphyry:John Philoponus:Peter of Spain:,Galileo:Nicholas of Cusa:Nicole Oresme:Peter of Ailly:Albert of Saxony:Marsilius of Inghen:Copernicus:,/wiki/Jean_Buridan,FILL,FILL
John Colet, (1466–1519),Girolamo Savonarola:Guillaume Budé:,Desiderius Erasmus:,/wiki/John_Colet,FILL,FILL
J. A. Smith,,,R. G. Collingwood:,/wiki/John_Alexander_Smith,FILL,FILL
Milesian school,,,Anaxagoras:,/wiki/Milesian_school,FILL,FILL
Feuerbach,,,Mikhail Bakunin:,/wiki/Ludwig_Feuerbach,FILL,FILL
Judith Butler, (born 1956),Jacques Derrida:Michel Foucault:Monique Wittig:Karl Marx:Theodor Adorno:Simone de Beauvoir:Sigmund Freud:Emmanuel Lévinas:Luce Irigaray:J. L. Austin:Jacques Lacan:G. W. F. Hegel:Louis Althusser:Friedrich Nietzsche:Maurice Merleau-Ponty:Gayle Rubin:,Sandy Stone:Jasbir Puar:Susan Stryker:Andrea Smith:Pussy Riot:,/wiki/Judith_Butler,FILL,FILL
Anneliese Maier,,,Thomas Samuel Kuhn:,/wiki/Anneliese_Maier,FILL,FILL
Latin Christianity,,,John of Damascus:,/wiki/Latin_Church,FILL,FILL
Cornelius Castoriadis, (1922–1997),Martin Heidegger:Piera Aulagnier:György Lukács:G. L. Boggs:Jean-Jacques Rousseau:Maurice Merleau-Ponty:Susan Isaacs:Aristotle:Jacques Derrida:Max Weber:J. G. Fichte:Hannah Arendt:Joan Robinson:Leon Trotsky:Serge Latouche:Gaston Bachelard:Edmund Husserl:Jacques Ellul:Paul Ricœur:Karl Marx:Giambattista Vico:Francisco Varela:C. L. R. James:Jean Laplanche:Melanie Klein:Sigmund Freud:Rosa Luxemburg:Jean-Bertrand Pontalis:René Poirier:André Leroi-Gourhan:,Nicole Loraux:Harald Wolf:Zygmunt Bauman:Pierre Vidal-Naquet:Graham Ward:Nikolas Kompridis:Shimshon Bichler:François Roustang:Jonathan Nitzan:Marcel Gauchet:Raphaël Gély:Guy Debord:Jacques Le Goff:Lorraine Code:Maurice Brinton:Elias Petropoulos:Johann Pál Arnason:Frieder Otto Wolf:Edgar Morin:Takis Fotopoulos:Sophie Klimis:René Lourau:Sudipta Kaviraj:Daniel Cohn-Bendit:Robin Hahnel:Serge Latouche:Mathieu Potte-Bonneville:Georges Lapassade:Hans Joas:Vincent Descombes:Vincent de Gaulejac:Myriam Revault d'Allonnes:Anthony Giddens:Andrew Arato:Claude Lefort:Jean Baudrillard:Laurent Van Eynde:Georges Duby:Francisco Varela:Gabriel Rockhill:John B. Thompson:Jean-Claude Michéa:Yorgos Oikonomou:Hans G. Furth:E. P. Thompson:Danilo Martuccelli:Richard Rorty:,/wiki/Cornelius_Castoriadis,FILL,FILL
Philippa Foot, (1920–2010),Aristotle:Ludwig Wittgenstein:Thomas Nagel:G. E. M. Anscombe:Thomas Aquinas:,Candace Vogler:Bernard Williams:Judith Jarvis Thomson:Rosalind Hursthouse:John McDowell:Michael Slote:,/wiki/Philippa_Foot,FILL,FILL
Demosthenes,,,John Stuart Mill:,/wiki/Demosthenes,FILL,FILL
Bahnsen,,,Ludwig Klages:,/wiki/Julius_Bahnsen,FILL,FILL
James Mark Baldwin,,,Jean Piaget:,/wiki/James_Mark_Baldwin,FILL,FILL
David Lewis (philosopher), (1941–2001),Strawson:Thomas Schelling:Ryle:Carnap:Quine:Smart:Hume:Leibniz:,Peter Railton:Stathis Psillos:L.A. Paul:Mark Johnston:David Velleman:John Hawthorne:Dean Zimmerman:Gideon Rosen:Barry Loewer:Bob Brandom:Ted Sider:,/wiki/David_Lewis_(philosopher),FILL,FILL
Nicholas Wolterstorff, (born 1932),Alvin Plantinga:Thomas Reid:William Harry Jellema:John Calvin:Abraham Kuyper:Augustine of Hippo:,Gary Chartier:David Claerbaut:Kendall Walton:,/wiki/Nicholas_Wolterstorff,FILL,FILL
Martha Nussbaum, (born 1947),Aristotle:Bernard Williams:G. E. L. Owen:Amartya Sen:John Stuart Mill:John Rawls:Adam Smith:Catharine MacKinnon:,David G. Hebert:Elizabeth S. Anderson:Louise Antony:Amartya Sen:Linda Martín Alcoff:,/wiki/Martha_Nussbaum,FILL,FILL
"Onora O'Neill, Baroness O'Neill of Bengarve", (born 1941),John Rawls:Immanuel Kant:Christine Korsgaard:,Christine Korsgaard:Katrin Flikschuh:,"/wiki/Onora_O%27Neill,_Baroness_O%27Neill_of_Bengarve",FILL,FILL
Denis Diderot, (1713–1784),Laurence Sterne:Aristotle:Jean-Jacques Rousseau:Samuel Richardson:Miguel de Cervantes:Lucretius:Isaac Newton:René Descartes:John Locke:Voltaire:Niccolò Machiavelli:Baruch Spinoza:,Johann Wolfgang von Goethe:Milan Kundera:Günter Grass:Baron d'Holbach:Auguste Comte:Jacques Barzun:Karl Marx:François-Noël Babeuf:Étienne Bonnot de Condillac:,/wiki/Denis_Diderot,FILL,FILL
Richard-Bevan Braithwaite, (1900–1990),G. E. Moore:,Stephen Toulmin:Imre Lakatos:,/wiki/Richard-Bevan_Braithwaite,FILL,FILL
Maurice Blanchot, (1907–2003),Nietzsche:Lautréamont:Bataille:Levinas:Hölderlin:Sade:Maurras:Mallarmé:Heidegger:Kafka:,de Man:Barthes:Joris:Auster:Kofman:Hill:Derrida:Beckett:Nancy:Foucault:Deleuze:Kopić:,/wiki/Maurice_Blanchot,FILL,FILL
Jürgen Habermas, (born 1929),Adorno:Rawls:Dewey:Marcuse:Schelling:Horkheimer:Mead:Kant:Dilthey:Durkheim:Bühler:Parsons:Abendroth:Freud:Wittgenstein:Apel:Kierkegaard:Hegel:Austin:Marx:Peirce:Heidegger:Weber:Piaget:,Benhabib:Honneth:Kompridis:Friedman:Offe:McCarthy:Wilber:Forst:Gould:Fraser:Hoppe:,/wiki/J%C3%BCrgen_Habermas,FILL,FILL
Epimenides,,,Xenophanes:,/wiki/Epimenides,FILL,FILL
Ronald Dworkin, (1931–2013),Aristotle:Learned Hand:Plato:Rupert Cross:H. L. A. Hart:John Rawls:,Jeremy Waldron:Robert Alexy:,/wiki/Ronald_Dworkin,FILL,FILL
Jean Jaurès,,,Eduard Bernstein:,/wiki/Jean_Jaur%C3%A8s,FILL,FILL
I Ching,,,Confucius:,/wiki/I_Ching,FILL,FILL
Avicebron,,,Albertus Magnus:,/wiki/Solomon_ibn_Gabirol,FILL,FILL
Guttmann,,,Leo Strauss:,/wiki/Julius_Guttmann,FILL,FILL
Neo-Kantianism,,,Leonard Nelson:,/wiki/Neo-Kantianism,FILL,FILL
Jacob L. Moreno,,,Martin Buber:,/wiki/Jacob_L._Moreno,FILL,FILL
Emmanuel Sieyès,,,"Claude Henri de Rouvroy, Comte de Saint-Simon:",/wiki/Emmanuel_Joseph_Siey%C3%A8s,FILL,FILL
Orphism,,,Plato:,/wiki/Orphism_(religion),FILL,FILL
Theognis of Megara,,,Friedrich Nietzsche:,/wiki/Theognis_of_Megara,FILL,FILL
Posidonius, (c. 135 – 51 BC),Chrysippus:Panaetius:Aristotle:Plato:,Jason of Nysa:Cleomedes:Plutarch:Strabo:Seneca:Cicero:Livy:Diodorus Siculus:,/wiki/Posidonius,FILL,FILL
Vittorio Alfieri,,,Giacomo Leopardi:,/wiki/Vittorio_Alfieri,FILL,FILL
Ibn Barrajan,,,Ibn Arabi:,/wiki/Ibn_Barrajan,FILL,FILL
Marcus Aurelius, (121–180),Epictetus:Heraclitus:Quintus:Apollonius:Socrates:Sextus of Chaeronea:,Stoic philosophy:,/wiki/Marcus_Aurelius,FILL,FILL
Hermann Cohen, (1842–1918),Friedrich Albert Lange:Friedrich Adolf Trendelenburg:,Ernst Cassirer:Henry E. Allison:Paul Natorp:Leo Strauss:Peter Strawson:Martin Buber:,/wiki/Hermann_Cohen,FILL,FILL
Semyon Frank,,,Nikolai Berdyaev:,/wiki/Semyon_Frank,FILL,FILL
Roman Jakobson,,,Jacques Lacan:,/wiki/Roman_Jakobson,FILL,FILL
Friedrich Schleiermacher, (1768–1834),Immanuel Kant:Plato:Johann August Ernesti:K. W. F. Schlegel:J. G. Fichte:Johann Gottfried Herder:F. W. J. Schelling:Friedrich Ast:Baruch Spinoza:Friedrich August Wolf:,Albrecht Ritschl:Wilhelm Dilthey:Antoine Berman:Walter Rauschenbusch:Daphne Hampson:Paul Tillich:Karl Barth:Hans-Georg Gadamer:August Böckh:Rudolf Bultmann:Manfred Frank:Friedrich Adolf Trendelenburg:Heinrich Ritter:L. Harold DeWolf:Friedrich Ueberweg:,/wiki/Friedrich_Schleiermacher,FILL,FILL
Henry Corbin, (1903–1978),Ibn Arabi:Nasr:Luther:Tabataba'i:Gilson:Suhrawardi:Massignon:Heidegger:Avicenna:,Charles Olson:Dariush Shayegan:James Hillman:Hossein Nasr:Gilbert Durand:Temenos Academy:Jacques Lacan:William Chittick:Harold Bloom:,/wiki/Henry_Corbin,FILL,FILL
Evangelista Torricelli,,,Robert Boyle:,/wiki/Evangelista_Torricelli,FILL,FILL
Friedrich Schelling, (1775–1852),Jacobi:Plato:Kielmeyer:Hölderlin:Herder:J. G. Fichte:Goethe:Spinoza:Plotinus:Böhme:Leibniz:Kant:,von Hartmann:Solovyov:Ast:Bernays:Krause:Secrétan:Weisse:Carus:Cousin:Esenbeck:Russian Schellingianism:Solger:Hâjdeu:Gadamer:Pareyson:Coleridge:Ravaisson:Van Til:Vogelin:Jung:Grant:Freud:Goethe:Wilber:Deleuze:Žižek:Tillich:da Silva:Kierkegaard:Hegel:Humboldt:Fackenheim:Fichte:Habermas:Peirce:Royce:Heidegger:,/wiki/Friedrich_Schelling,FILL,FILL
Ernst H. Kantorowicz,,,Marcel Gauchet:,/wiki/Ernst_Kantorowicz,FILL,FILL
Kaspar von Schwenkfeld,,,Jakob Böhme:,/wiki/Caspar_Schwenckfeld,FILL,FILL
Jean Renoir,,,Stanley Cavell:,/wiki/Jean_Renoir,FILL,FILL
Girolamo Savonarola,,,John Colet:,/wiki/Girolamo_Savonarola,FILL,FILL
Daube,,,Leo Strauss:,/wiki/David_Daube,FILL,FILL
Charles Leslie Stevenson, (1908–1979),I. A. Richards:Ralph Barton Perry:Ludwig Wittgenstein:G. E. Moore:David Hume:,William Fontaine:Allan Gibbard:,/wiki/Charles_Leslie_Stevenson,FILL,FILL
Charles Hartshorne, (1897–2000),Josiah Royce:Alfred North Whitehead:William Ernest Hocking:Charles Sanders Peirce:Jules Lequier:,Donald W. Viney:John B. Cobb:David Ray Griffin:,/wiki/Charles_Hartshorne,FILL,FILL
Richard Rorty, (1931–2007),Isaiah Berlin:Jacques Derrida:Walter Rauschenbusch:Michel Foucault:Thomas Kuhn:Donald Davidson:Martin Heidegger:Jean-François Lyotard:William James:Ludwig Wittgenstein:Wilfrid Sellars:John Dewey:John Rawls:Leo Strauss:Hubert Dreyfus:Friedrich Nietzsche:W. V. O. Quine:,Jeffrey Stout:Richard J. Bernstein:Cornel West:Richard Posner:Gianni Vattimo:Robert Brandom:Laurence BonJour:Jurgen Habermas:Chantal Mouffe:Alice Crary:Michael Williams:John McDowell:,/wiki/Richard_Rorty,FILL,FILL
Campbell,,,Karl Popper:,/wiki/Donald_T._Campbell,FILL,FILL
Hilary Putnam, (1926–2016),Hans Reichenbach:William James:Emmanuel Levinas:Willard Van Orman Quine:Stanley Cavell:Bertrand Russell:John Dewey:Nelson Goodman:Immanuel Kant:Edmund Husserl:Saul Kripke:Karl Marx:Ned Block:John McDowell:Alan Turing:Søren Kierkegaard:Ludwig Wittgenstein:Sigmund Freud:Franz Rosenzweig:Charles Sanders Peirce:Martin Buber:,Hartry Field:David Marr:Paul Benacerraf:John Worrall:Saul Kripke:George Boolos:Donald Davidson:Norman Daniels:Jerry Fodor:David Lewis:Ned Block:Daniel Dennett:Richard Boyd:Martha Nussbaum:Tyler Burge:,/wiki/Hilary_Putnam,FILL,FILL
Adam Marsh,,,Roger Bacon:,/wiki/Adam_Marsh,FILL,FILL
Kielmeyer,,,Friedrich Schelling:,/wiki/Carl_Friedrich_Kielmeyer,FILL,FILL
Christian Wolff (philosopher), (1679–1754),Zhu Xi:Gottfried Wilhelm Leibniz:Ehrenfried Walther von Tschirnhaus:Wang Yangming:René Descartes:Confucius:Baruch Spinoza:,Arthur Schopenhauer:de:Immanuel Kant:Johann Heinrich Samuel Formey:Søren Kierkegaard:Georg Friedrich Meier:Johann Peter Reusch:Georg Bernhard Bilfinger:Mikhail Lomonosov:Anton Wilhelm Amo:Johann Christoph Gottsched:Johannes Nikolaus Tetens:Emer de Vattel:Moses Mendelssohn:Alexander Gottlieb Baumgarten:Martin Knutzen:Adam Weishaupt:Michael Christoph Hanow:,/wiki/Christian_Wolff_(philosopher),FILL,FILL
Learned Hand,,,Ronald Dworkin:,/wiki/Learned_Hand,FILL,FILL
Baltasar Gracián y Morales, (1601–1658),Epictetus:Plutarch:Seneca:Desiderius Erasmus:Publilius Syrus:,Arthur Schopenhauer:Friedrich Nietzsche:,/wiki/Baltasar_Graci%C3%A1n_y_Morales,FILL,FILL
Al-Biruni,,,Avicenna:,/wiki/Al-Biruni,FILL,FILL
Claude Adrien Helvétius, (1715–1771),Condillac:Locke:,Nietzsche:Beccaria:Marx:Darwin:Bentham:Freud:Plekhanov:,/wiki/Claude_Adrien_Helv%C3%A9tius,FILL,FILL
William James, (1842–1910),Afrikan Spir:Emanuel Swedenborg:F. C. S. Schiller:Pierre Janet:Bernhard Riemann:Ernst Mach:Charles Bernard Renouvier:Hermann Helmholtz:John Stuart Mill:Charles Sanders Peirce:David Hartley:David Hume:Louis Agassiz:Jules Lequier:William Kingdon Clifford:,Marilynne Robinson:Émile Durkheim:W. E. B. Du Bois:C. Wright Mills:William Sheldon:Robert Frost:Alfred North Whitehead:Bertrand Russell:John Dewey:Henri Bergson:Edwin Holt:F. C. S. Schiller:Edmund Husserl:Alfred Schütz:George Santayana:Hilary Putnam:Gertrude Stein:Morris Raphael Cohen:Antonio Damasio:Jimmy Carter:Richard Rorty:,/wiki/William_James,FILL,FILL
Pavel Florensky,,,Aleksei Losev:,/wiki/Pavel_Florensky,FILL,FILL
Watsuji Tetsuro, (1889–1960),Kierkegaard:Hegel:Aristotle:Nietzsche:Kyoto School:Nishida:Sōseki:Confusius:Heidegger:,Yuasa:Berque:Umehara:Nakamura:,/wiki/Watsuji_Tetsuro,FILL,FILL
Radcliffe-Brown,,,Claude Lévi-Strauss:,/wiki/Alfred_Radcliffe-Brown,FILL,FILL
Paracelsus, (1493–1541),Neoplatonism:Johannes Trithemius:Marsilio Ficino:Pythagoreanism:Hermeticism:,Giorgio Agamben:Jane Bennett:Jan Baptist van Helmont:Adam Haslmayr:Thomas Muffet:Gabriel François Venel:Sir Thomas Browne:Franciscus Sylvius:,/wiki/Paracelsus,FILL,FILL
Immanuel Kant, (1724–1804),Crusius:Aristotle:Plato:Locke:Baumgarten:Wolff:Empiricus:Lucretius:Hamann:Newton:Swedenborg:Euclid:Leibniz:Rousseau:Tetens:Hume:Smith:Descartes:,Herder:Zeller:Beck:Larijani:Maimon:Guyer:Spir:Frege:Rawls:Bolzano:Schelling:Schlegel:Beneke:Carnap:Popper:Jaspers:Western philosophy:Reinhold:Hegel:Jacobi:Fichte:Habermas:Peirce:Schleiermacher:Heidegger:Schopenhauer:,/wiki/Immanuel_Kant,FILL,FILL
William David Ross, (1877–1971),H. A. Prichard:Aristotle:Immanuel Kant:G. E. Moore:,Robert Audi:Tom Beauchamp:Bernard Gert:Tara Smith:,/wiki/William_David_Ross,FILL,FILL
Dreben,,,John Rawls:,/wiki/Burton_Dreben,FILL,FILL
Jan Patočka, (1907–1977),Fink:Hegel:Nietzsche:Plato:Weischedel:Heraclitus:Husserl:Socrates:Heidegger:,Havel:Charter 77:Prague Spring:Kohák:Czech philosophy:,/wiki/Jan_Pato%C4%8Dka,FILL,FILL
Gilbert Ryle, (1900–1976),René Descartes:Edmund Husserl:Ludwig Wittgenstein:Herbert James Paton:,G. A. Cohen:P. F. Strawson:Ullin Place:Michael Dummett:John Searle:Wilfrid Sellars:Daniel Dennett:A. J. Ayer:Þorsteinn Gylfason:J. J. C. Smart:J. L. Austin:Clifford Geertz:R. M. Hare:Richard Webster:,/wiki/Gilbert_Ryle,FILL,FILL
Peter Kropotkin, (1842–1921),Nietzsche:Bakunin:Marx:Proudhon:Darwin:Guyau:Freud:Reclus:,Makhno:Žižek:Ward:Malatesta:Woodcock:Bookchin:Guérin:Rocker:Berkman:Chomsky:Tolstoy:Kōtoku:Wilde:Black:Gould:Goldman:Kafka:,/wiki/Peter_Kropotkin,FILL,FILL
Peter Wessel Zapffe, (1899–1990),Arthur Schopenhauer:Henrik Ibsen:Henri-Frédéric Amiel:Sigmund Freud:Friedrich Nietzsche:Jakob Johann von Uexküll:,Herman Tønnessen:Thomas Ligotti:,/wiki/Peter_Wessel_Zapffe,FILL,FILL
David Kaplan (philosopher), (born 1933),Rudolf Carnap:Alonzo Church:Saul Kripke:Richard Montague:Bertrand Russell:Gottlob Frege:,Nathan Salmon:C. Anthony Anderson:John Perry (philosopher):,/wiki/David_Kaplan_(philosopher),FILL,FILL
Hans von Campenhausen,,,Wolfhart Pannenberg:,/wiki/Hans_von_Campenhausen,FILL,FILL
Vladimir Solovyov (philosopher), (1853–1900),Shimon bar Yochai:Sergey Bulgakov:Aristotle:Arthur Schopenhauer:Jakob Böhme:Plato:Friedrich Wilhelm Joseph Schelling:Emanuel Swedenborg:Paracelsus:Søren Kierkegaard:Immanuel Kant:Fyodor Dostoyevsky:Auguste Comte:Plotinus:Blavatsky:Louis Claude de Saint-Martin:Dante:Augustine of Hippo:,Sergey Bulgakov:Alexandre Kojève:Pavel Florensky:Andrei Belyi:Semyon Frank:Alexander Blok:Nicolas Berdyaev:Dostoyevsky:,/wiki/Vladimir_Solovyov_(philosopher),FILL,FILL
Erich Auerbach,,,Fredric Jameson:,/wiki/Erich_Auerbach,FILL,FILL
Joseph Joubert,,,Emil Cioran:,/wiki/Joseph_Joubert,FILL,FILL
Jakob Böhme, (1575–1624),Paracelsus:Kaspar von Schwenkfeld:Valentine Weigel:,Hegel:Friedrich Wilhelm Joseph Schelling:John Amos Comenius:Paul Tillich:John Pordage:Schopenhauer:Nikolai Berdyaev:,/wiki/Jakob_B%C3%B6hme,FILL,FILL
Albertus Magnus,"), (1193?–1280)",Aristotle:Plato:Pseudo-Dionysius:Proclian:Al-Farabi:Averroes:Jordan of Saxony:Plotinus:Avicenna:Maimonides:Avicebron:,Nicholas of Cusa:Meister Eckhart:Scholasticism:Thomas Aquinas:,/wiki/Albertus_Magnus,FILL,FILL
Warren,,,Lysander Spooner:,/wiki/Josiah_Warren,FILL,FILL
Edmund Gettier, (1927–2021),Roderick Chisholm:,Colin McGinn:Robert Nozick:,/wiki/Edmund_Gettier,FILL,FILL
Euclid,,,Adelard of Bath:,/wiki/Euclid,FILL,FILL
Crispin Wright, (born 1942),Michael Dummett:Ludwig Wittgenstein:Noam Chomsky:Gottlob Frege:George Boolos:,Paul Boghossian:Carrie Ichikawa Jenkins:Duncan Pritchard:Jose Zalabardo:Luca Moretti:Michael Lynch:Annalisa Coliva:,/wiki/Crispin_Wright,FILL,FILL
István Mészáros (philosopher), (1930–2017),Karl Marx:György Lukács:,Cliff Slaughter:,/wiki/Istv%C3%A1n_M%C3%A9sz%C3%A1ros_(philosopher),FILL,FILL
Abarbanel,,,Leo Strauss:,/wiki/Isaac_Abarbanel,FILL,FILL
Malthus,,,Louis Gabriel Ambroise de Bonald:,/wiki/Thomas_Robert_Malthus,FILL,FILL
Al-Kindi, (801–873),Al-Khalil:Hellenistic philosophy:Neoplatonism:,Alhazen:Miskawayh:Roger Bacon:Abu Ma'shar al-Balkhi:Isaac Israeli ben Solomon:Ahmad ibn al-Tayyib al-Sarakhsi:Robert Grosseteste:Abu Zayd al-Balkhi:,/wiki/Al-Kindi,FILL,FILL
Borden Parker Bowne, (1847–1910),Immanuel Kant:George Berkeley:Hermann Lotze:Gottfried Wilhelm Leibniz:René Descartes:,Randall Auxier:T. C. Chao:John W. E. Bowen Sr.:Walter George Muelder:,/wiki/Borden_Parker_Bowne,FILL,FILL
Gogol,,,Dimitri Pisarev:,/wiki/Nikolai_Gogol,FILL,FILL
Henri Bergson, (1859–1941),Arthur Schopenhauer:Immanuel Kant:Charles Darwin:Gottfried Wilhelm Leibniz:William James:Herbert Spencer:Spinoza:Plotinus:Maine de Biran:Félix Ravaisson-Mollien:,Henry Miller:Vladimir Jankélévitch:Emmanuel Levinas:Émile Bréhier:Nikos Kazantzakis:Maurice Merleau-Ponty:Emmanuel Mounier:Guy Debord:Jawaharlal Nehru:Robert Frost:Necip Fazıl Kısakürek:Alfred North Whitehead:Marcel Proust:Aldous Huxley:Liang Shuming:Édouard Le Roy:Michel Aflaq:Alfred Schütz:Anna-Teresa Tymieniecka:Muhammad Iqbal:Gabriel Marcel:Jacques Maritain:Vladimir Nabokov:Nurettin Topçu:Wyndham Lewis:Gilles Deleuze:Jean-Paul Sartre:,/wiki/Henri_Bergson,FILL,FILL
Adelard of Bath, (12th century),Euclid:Aristotle:Plato:Islamic philosophy:,William of Conches:Roger Bacon:Hugh of Saint Victor:Isaac of Stella:Robert Grosseteste:Peter Abelard:,/wiki/Adelard_of_Bath,FILL,FILL
Eric Voegelin, (1901–1985),Hans Urs von Balthasar:William James:Hans-Georg Gadamer:John R. Commons:Aristotle:Max Weber:Henri de Lubac:Alfred North Whitehead:Henri Bergson:Augustine of Hippo:Eduard Meyer:Plato:Edmund Husserl:Alfred Schütz:Thomas Mann:F. W. J. Schelling:Jean Bodin:Pre-Socratic philosophers:Leo Strauss:Hans Jonas:Ludwig von Mises:Thomas Aquinas:,Bruno Latour:Flannery O'Connor:William Havard:Robert B. Heilman:Frederick Lawrence:de:William F. Buckley Jr.:Olavo de Carvalho:Sir Roger Scruton:Jürgen Gebhardt:Robert George:Russell Kirk:James V. Schall:Thierry Gontier:Martin Palouš:Walker Percy:Rudolf Bultmann:Leo Strauss:Raymond Aron:fr:Ellis Sandoz:,/wiki/Eric_Voegelin,FILL,FILL
William of Ockham, (c. 1285–1349),Petrus Aureolus:Aristotle:Anselm of Canterbury:Duns Scotus:Henry Harclay:Durandus of Saint-Pourçain:Peter Abelard:Thomas Aquinas:,John Wycliffe:Thomas Hobbes:Gabriel Biel:Martin Luther:Jean Buridan:John Calvin:René Descartes:Gregory of Rimini:Bertrand Russell:Albert of Saxony:Henry VIII:Adam de Wodeham:,/wiki/William_of_Ockham,FILL,FILL
Paul of Venice, (1369–1429),Walter Burley:Aristotle:John Wycliffe:Albertus Magnus:Averroes:Giles of Rome:Augustine:Duns Scotus:Thomas Aquinas:,Paolo da Pergola:Gaetano da Thiene:,/wiki/Paul_of_Venice,FILL,FILL
Thomas Schelling,,,David Lewis (philosopher):,/wiki/Thomas_Schelling,FILL,FILL
Epicurus, (341 BC–270 BC),Aristotle:Plato:Aristippus:Democritus:Pyrrho:Nausiphanes:,Jean-Jacques Rousseau:Seneca the Younger:Thomas Hobbes:Lucretius:Isaac Newton:Karl Marx:Metrodorus:Hermarchus:John Stuart Mill:Voltaire:Bentham:Gassendi:Thomas Jefferson:David Hume:Philodemus:Baruch Spinoza:,/wiki/Epicurus,FILL,FILL
Alberico Gentili,,,Hugo Grotius:,/wiki/Alberico_Gentili,FILL,FILL
François Picavet,,,Alexandre Koyre:,/wiki/Fran%C3%A7ois_Picavet,FILL,FILL
Arthur Conan Doyle,,,Umberto Eco:,/wiki/Arthur_Conan_Doyle,FILL,FILL
Panaetius, (c. 185 – c. 110 BC),Antipater of Tarsus:Diogenes of Babylon:,Posidonius:Hecato:Cicero:,/wiki/Panaetius,FILL,FILL
Baron d'Holbach, (1723–1789),Hobbes:Bolingbroke:Pierre Bayle:,Nietzsche:Danton:Marx:Darwin:Weishaupt:Onfray:Freud:Desmoulins:Kant:Marat:,/wiki/Baron_d%27Holbach,FILL,FILL
G. L. Boggs,,,Cornelius Castoriadis:,/wiki/Grace_Lee_Boggs,FILL,FILL
Pythagoreanism,,,Empedocles:,/wiki/Pythagoreanism,FILL,FILL
Artaud,,,Michel Foucault:,/wiki/Antonin_Artaud,FILL,FILL
Socrates, (470–399 BC),Diotima:Archelaus:Anaxagoras:Damon:Prodicus:,Euclid of Megara:Plato:Phaedo of Elis:Aristippus:Xenophon:Western philosophy:Antisthenes:,/wiki/Socrates,FILL,FILL
Burroughs,,,Gilles Deleuze:,/wiki/William_S._Burroughs,FILL,FILL
Johannes Nikolaus Tetens, (1736–1807),David Hume:Gottfried Wilhelm Leibniz:John Locke:Christian Wolff:,Immanuel Kant:,/wiki/Johannes_Nikolaus_Tetens,FILL,FILL
Senior,,,John Stuart Mill:,/wiki/Nassau_William_Senior,FILL,FILL
Mario Tronti,,,Antonio Negri:,/wiki/Mario_Tronti,FILL,FILL
Józef Maria Bocheński,,,Arthur Prior:,/wiki/J%C3%B3zef_Maria_Boche%C5%84ski,FILL,FILL
Jean-François Lyotard, (1924–1998),Nietzsche:Lacan:Durkheim:Austin:Marx:Parsons:Montaigne:Klossowski:Deleuze and Guattari:Freud:Wittgenstein:Kant:Heidegger:,Alain Badiou:Roland Barthes:Margret Grebowicz:Mark Fisher:Richard Rorty:,/wiki/Jean-Fran%C3%A7ois_Lyotard,FILL,FILL
John Shelby Spong,,,Rudolf Bultmann:,/wiki/John_Shelby_Spong,FILL,FILL
Herbert Spencer, (1820–1903),Aristotle:Auguste Comte:George Henry Lewes:Charles Darwin:John Stuart Mill:Jean-Baptiste Lamarck:Thomas Henry Huxley:,Henry Sidgwick:Émile Durkheim:Charles Darwin:Jorge Luis Borges:Auberon Herbert:Henri Bergson:William Graham Sumner:Jack London:Murray Rothbard:,/wiki/Herbert_Spencer,FILL,FILL
Luce Irigaray, (born 1930),Jacques Derrida:Martin Heidegger:Sigmund Freud:Emmanuel Levinas:Jacques Lacan:Maurice Merleau-Ponty:,Catherine Malabou:Elizabeth Grosz:Judith Butler:,/wiki/Luce_Irigaray,FILL,FILL
R. D. Laing,,,Avital Ronell:,/wiki/R._D._Laing,FILL,FILL
David Gauthier, (born 1932),John Locke:Thomas Hobbes:,Geoffrey Sayre-McCord:Jan Narveson:Peter Vallentyne:,/wiki/David_Gauthier,FILL,FILL
Michel Henry, (1922–2002),Wahl:Husserl:Gouhier:Hyppolite:Biran:Meister Eckhart:Alquié:,Marion:,/wiki/Michel_Henry,FILL,FILL
Swedenborg,,,Ralph Waldo Emerson:,/wiki/Emanuel_Swedenb,FILL,FILL
Wolfgang Köhler, (1887–1967),,Karl Popper:,/wiki/Wolfgang_K%C3%B6hler,FILL,FILL
Hilary of Poitiers,,,Augustine of Hippo:,/wiki/Hilary_of_Poitiers,FILL,FILL
Carl Jung, (1875–1961),Nietzsche:Carus:Janet:Hartmann:Schiller:Flournoy:Heraclitus:Laozi:James:Freud:Goethe:Moltzer:Kant:Bleuler:Meister Eckhart:Schopenhauer:,Erich Neumann:Sonu Shamdasani:Joseph Campbell:Gaston Bachelard:Wolfgang Pauli:Carl Rogers:Terence McKenna:Ross Nichols:James Hillman:Jean Piaget:Arnold J. Toynbee:Freud:Alan Watts:Robert Anton Wilson:Jordan Peterson:Philip K. Dick:Hermann Hesse:,/wiki/Carl_Jung,FILL,FILL
Edmund Husserl, (1859–1938),Bolzano:Plato:Kerry:Brentano:Lotze:Natorp:Leibniz:Rickert:Weierstrass:Windelband:Stumpf:Hume:Masaryk:Kant:Descartes:,Marcel:Levinas:Przywara:Ryle:Zahavi:Farber:Patočka:Ricœur:Merleau-Ponty:Ortega y Gasset:Landgrebe:Reinach:Zubiri:Mises:Smith:Weyl:Blumenberg:Gallagher:Strauss:Gödel:Ingarden:Schütz:Marion:Willard:Henry:Putnam:Fink:Wojtyła:Carnap:Derrida:Sartre:Köchler:Sellars:Western philosophy:Stiegler:Dussel:Kołakowski:Stein:Scheler:Heidegger:,/wiki/Edmund_Husserl,FILL,FILL
Pasicles of Thebes,,,Stilpo:,/wiki/Pasicles_of_Thebes,FILL,FILL
Thorstein Veblen,,,Jean Baudrillard:,/wiki/Thorstein_Veblen,FILL,FILL
Jean Baudrillard, (1929–2007) ,Alfred Jarry:Guy Debord:Marshall McLuhan:Michel Foucault:Henri Lefebvre:Ferdinand de Saussure:Karl Marx:Soren Kierkegaard:Jorge Luis Borges:Roland Barthes:Marcel Mauss:Georges Bataille:Friedrich Nietzsche:Thorstein Veblen:,Slavoj Žižek:Cody Wilson:Gerald Vizenor:Mario Perniola:The Wachowskis:Gilles Lipovetsky:Nick Land:Peter Halley:Byung-Chul Han:Sophie Calle:,/wiki/Jean_Baudrillard,FILL,FILL
Bonaventure, (1221–1274),Aristotle:Anselm of Canterbury:Pseudo-Dionysius:Alexander of Hales:St. Augustine:Stoicism:Cicero:Avicebron:,John of the Cross:Nicholas of Cusa:Hans Urs von Balthasar:Peter John Olivi:Josef Ratzinger:,/wiki/Bonaventure,FILL,FILL
Driesch,,,Maurice Merleau-Ponty:,/wiki/Hans_Driesch,FILL,FILL
Hélène Metzger,,,Thomas Samuel Kuhn:,/wiki/H%C3%A9l%C3%A8ne_Metzger,FILL,FILL
George Boole, (1815–1864),Aristotle:Leibniz:Newton:Spinoza:,Shannon:MacColl:Keynes:Johnson:Jevons:Shestakov:Peirce:De Morgan:,/wiki/George_Boole,FILL,FILL
Anne Conway,,,Gottfried Leibniz:,/wiki/Anne_Conway_(philosopher),FILL,FILL
Dubnow,,,Leo Strauss:,/wiki/Simon_Dubnow,FILL,FILL
Seraphim Rose,,,Alan Watts:,/wiki/Seraphim_Rose,FILL,FILL
Alexander of Hales, (died 1245),Aristotle:Bernard of Clairvaux:Peter Lombard:Pseudo-Dionysius:St. Anselm:St. Augustine:Richard of Saint Victor:,Richard Rufus of Cornwall:Bonaventure:Alexander Carpenter:,/wiki/Alexander_of_Hales,FILL,FILL
Ernst Friedrich Apelt,,,Leonard Nelson:,/wiki/Ernst_Friedrich_Apelt,FILL,FILL
Richard of Saint Victor,,,Alexander of Hales:,/wiki/Richard_of_Saint_Victor,FILL,FILL
Chungliang Al Huang,,,Alan Watts:,/wiki/Chungliang_Al_Huang,FILL,FILL
Henri-Frédéric Amiel,,,Peter Wessel Zapffe:,/wiki/Henri-Fr%C3%A9d%C3%A9ric_Amiel,FILL,FILL
Sechenov,,,Nikolai Chernyshevsky:,/wiki/Ivan_Sechenov,FILL,FILL
Gerald Cohen, (1941–2009),Isaiah Berlin:Karl Marx:John Rawls:Gilbert Ryle:Louis Althusser:,Jonathan Wolff:Will Kymlicka:John Roemer:Larry Temkin:John McMurtry:Michael Otsuka:Euclid Tsakalotos:Alan Carter:,/wiki/Gerald_Cohen,FILL,FILL
Lactantius,,,Augustine of Hippo:,/wiki/Lactantius,FILL,FILL
Toni Morrison,,,Cornel West:,/wiki/Toni_Morrison,FILL,FILL
Alois Riehl,,,Heinrich Rickert:,/wiki/Alois_Riehl,FILL,FILL
Jean Jacques Rousseau, (1712–1778),Locke:Malebranche:Hobbes:Socrates:Voltaire:Spinoza:Leibniz:Machiavelli:Aristotle:Plutarch:Descartes:Condillac:Plato:Montesquieu:Grotius:Diderot:D'Épinay:Pufendorf:D'Alembert:,Proudhon:Montessori:Wollstonecraft:Hume:Smith:Rawls:Dewey:Bloom:Strauss:Saint-Just:Kant:Engels:American Revolution:Thoreau:de Sade:Kitsikis:Madame de Stael:Darwin:Derrida:Freud:Goethe:Malaka:Tolstoy:French Revolution:Nietzsche:Hegel:Gibbon:Paine:Marx:Fichte:Romanticism:Robespierre:Counter-Enlightenment:Napoleon Bonaparte:Schopenhauer:,/wiki/Jean_Jacques_Rousseau,FILL,FILL
Iamblichus (philosopher), (ca. 245 AD-ca. 325),Aristotle:Plato:Pythagoras:Porphyry:Neopythagoreanism:,Aedesius:Proclus:,/wiki/Iamblichus_(philosopher),FILL,FILL
Demetrios Kydones,,,Gemistus Pletho:,/wiki/Demetrios_Kydones,FILL,FILL
Anthony,,,Augustine of Hippo:,/wiki/Anthony_the_Great,FILL,FILL
Edgar S. Brightman, (1884–1953),William Ernest Hocking:Borden Parker Bowne:,L. Harold DeWolf:,/wiki/Edgar_S._Brightman,FILL,FILL
Heinz von Foerster,,,Edgar Morin:,/wiki/Heinz_von_Foerster,FILL,FILL
Nikolai Fyodorovich Fyodorov, (1828–1906),,Konstantin Tsiolkovsky:Transhumanism:Vladimir Vernadsky:,/wiki/Nikolai_Fyodorovich_Fyodorov,FILL,FILL
Abu Hanifa,,,Shah Wali Allah:,/wiki/Abu_Hanifa,FILL,FILL
Epictetus, (AD 55–c. 135),Musonius Rufus:Zeno of Citium:Cleanthes:Chrysippus:Diogenes:Socrates:Hippocrates:,Han Ryner:Marcus Aurelius:James Stockdale:Arrian:Junius Rusticus:Albert Ellis:,/wiki/Epictetus,FILL,FILL
John Ellis McTaggart, (1866–1925),T. H. Green:G. W. F. Hegel:,Peter Geach:Michael Oakeshott:Michael Dummett:S. V. Keeling:,/wiki/John_Ellis_McTaggart,FILL,FILL
David Wiggins, (born 1933),,John McDowell:Jonathan Westphal:Jonathan Dancy:,/wiki/David_Wiggins,FILL,FILL
Sidney Hook, (1902–1989),Morris Raphael Cohen:John Dewey:Karl Marx:Bertrand Russell:,Paul Kurtz:Barbara Branden:Lionel Trilling:Morris Janowitz:,/wiki/Sidney_Hook,FILL,FILL
Louis Gabriel Ambroise de Bonald, (1754–1840),Augustine of Hippo:Aristotle:Chateaubriand:Goldsmith:Plato:Pascal:Malebranche:Tacitus:Bossuet:Malthus:Socrates:Hénault:Joseph de Maistre:Leibniz:Rousseau:Thomas Aquinas:,Durkheim:Joseph de Maistre:Léon Duguit:Charles Maurras:Juan Donoso Cortés:Carl Schmitt:Balzac:Comte:Louis Veuillot:Lamennais:René de La Tour du Pin:Frédéric Le Play:Chateaubriand:Julius Evola:,/wiki/Louis_Gabriel_Ambroise_de_Bonald,FILL,FILL
Ernst Cassirer, (1874–1945),Immanuel Kant:Friedrich Wilhelm Joseph Schelling:Gottfried Wilhelm Leibniz:Hermann Cohen:Johann Wolfgang von Goethe:,Eric Weil:Susanne Langer:Leo Strauss:Wilbur Marshall Urban:,/wiki/Ernst_Cassirer,FILL,FILL
Miguel de Cervantes,,,Denis Diderot:,/wiki/Miguel_de_Cervantes,FILL,FILL
Christine Korsgaard,,,"Onora O'Neill, Baroness O'Neill of Bengarve:",/wiki/Christine_Korsgaard,FILL,FILL
Thomas Henry Huxley, (1825–1895),Edward Forbes:Charles Darwin:,Henry Fairfield Osborn:Julian Huxley:E. Ray Lankester:Hubert Harrison:H. G. Wells:William Henry Flower:Aldous Huxley:,/wiki/Thomas_Henry_Huxley,FILL,FILL
René Guénon,,,Georges Bataille:,/wiki/Ren%C3%A9_Gu%C3%A9non,FILL,FILL
Bankei Yōtaku,,,Alan Watts:,/wiki/Bankei_Y%C5%8Dtaku,FILL,FILL
F. H. Bradley, (1846–1924),Immanuel Kant:Hermann Lotze:Johann Gottlieb Fichte:G. W. F. Hegel:F. W. J. Schelling:,James Ward:C. A. Campbell:T. S. Eliot:Alfred North Whitehead:Bernard Bosanquet:,/wiki/F._H._Bradley,FILL,FILL
John Locke, (1632–1704),Grotius:Filmer:Bacon:Spinoza:Masham:Hobbes:Pufendorf:Descartes:,Berkeley:Jefferson:Voltaire:Hume:Kant:Rousseau:Shaftesbury:,/wiki/John_Locke,FILL,FILL
Maxie Clarence Maultsby Jr.,,,B. F. Skinner:,/wiki/Maxie_Clarence_Maultsby_Jr.,FILL,FILL
Thomas Cajetan, (1469–1534),Aristotle:Saint Jerome:Averroes:Pico della Mirandola:St. Thomas Aquinas:Saint Augustine:Duns Scotus:,Étienne Gilson:Ralph McInerny:Henri de Lubac:,/wiki/Thomas_Cajetan,FILL,FILL
Christian von Ehrenfels, (1856–1932),Franz Brentano:Ernst Mach:Alexius Meinong:,Felix Weltsch:George Stout:,/wiki/Christian_von_Ehrenfels,FILL,FILL
Goethe,,,Hannah Arendt:,/wiki/Johann_Wolfgang_von_Goethe,FILL,FILL
Paul Grice, (1913–1988),Peter Strawson:Aristotle:,Kent Bach:Stephen Levinson:Dan Sperber:Stephen Neale:John Searle:Ernest Lepore:Stephen Schiffer:Jonathan Bennett:Peter Strawson:Deirdre Wilson:,/wiki/Paul_Grice,FILL,FILL
Durandus of Saint-Pourçain,,,William of Ockham:,/wiki/Durandus_of_Saint-Pour%C3%A7ain,FILL,FILL
Dawud al-Zahiri,,,Ibn Hazm:,/wiki/Dawud_al-Zahiri,FILL,FILL
Hellenistic Judaism,,,Philo:,/wiki/Hellenistic_Judaism,FILL,FILL
Ernst Troeltsch, (1865–1923),Albrecht Ritschl:Max Weber:,James Luther Adams:H. Richard Niebuhr:,/wiki/Ernst_Troeltsch,FILL,FILL
Othmar Spann, (1878–1950),Adam Müller:,Oskar Morgenstern:Eric Voegelin:Gottfried Haberler:Herman Dooyeweerd:Friedrich Hayek:,/wiki/Othmar_Spann,FILL,FILL
Herbert McCabe,,,Anthony Kenny:,/wiki/Herbert_McCabe,FILL,FILL
Damaris Cudworth Masham, (1659–1708),Aristotle:Nicholas of Cusa:Ralph Cudworth:Plato:The Bible:Plotinus:Augustine of Hippo:,John Locke:Immanuel Kant:David Hume:Denis Diderot:,/wiki/Damaris_Cudworth_Masham,FILL,FILL
Adrienne Rich,,,Claudia Card:,/wiki/Adrienne_Rich,FILL,FILL
Mary Daly,,,Claudia Card:,/wiki/Mary_Daly,FILL,FILL
Mozart,,,Søren Kierkegaard:,/wiki/Wolfgang_Amadeus_Mozart,FILL,FILL
German Romanticism,,,Wilhelm Dilthey:,/wiki/German_Romanticism,FILL,FILL
Erasmus,,,Edmund Burke:,/wiki/Erasmus,FILL,FILL
James Ward (psychologist), (1843–1925),F. H. Bradley:,G. E. Moore:,/wiki/James_Ward_(psychologist),FILL,FILL
Manuel Sadosky,,,Mario Bunge:,/wiki/Manuel_Sadosky,FILL,FILL
Brethren of Purity,,,Ibn Sabin:,/wiki/Brethren_of_Purity,FILL,FILL
Alain,,,Georges Canguilhem:,/wiki/%C3%89mile_Chartier,FILL,FILL
Albumasar,,,Roger Bacon:,/wiki/Abu_Ma%27shar,FILL,FILL
Thomas Jefferson, (1743–1826),Destutt de Tracy:William Robertson:Montesquieu:Isaac Newton:John Locke:Voltaire:Jesus of Nazareth:Bolingbroke:William Blackstone:Francis Bacon:David Hume:Edward Gibbon:,Benjamin Tucker:Albert Jay Nock:James Monroe:,/wiki/Thomas_Jefferson,FILL,FILL
Georg Henrik von Wright, (1916–2003),Jürgen Habermas:Eino Kaila:G. E. Moore:Ludwig Wittgenstein:Oswald Spengler:Charles Sanders Peirce:R. B. Braithwaite:,Peter Hacker:Karl-Otto Apel:,/wiki/Georg_Henrik_von_Wright,FILL,FILL
Cornelius,,,Theodor Adorno:,/wiki/Hans_Cornelius,FILL,FILL
Alberto González Domínguez,,,Mario Bunge:,/wiki/Alberto_Gonz%C3%A1lez_Dom%C3%ADnguez,FILL,FILL
Aristippus, (c. 435–366 BC),Socrates:,Epicurus:Michel Onfray:Hegesias:Anniceris:Arete of Cyrene:Theodorus:Aristippus the Younger:,/wiki/Aristippus,FILL,FILL
Eurocommunism,,,Nicos Poulantzas:,/wiki/Eurocommunism,FILL,FILL
James Mill, (1773–1836),Jeremy Bentham:Dugald Stewart:David Hartley:,John Stuart Mill:,/wiki/James_Mill,FILL,FILL
de Gérando,,,Ralph Waldo Emerson:,"/wiki/Joseph_Marie,_baron_de_G%C3%A9rando",FILL,FILL
Roman Ingarden, (1893–1970),Kazimierz Twardowski:Immanuel Kant:Edmund Husserl:,Anna-Teresa Tymieniecka:Wolfgang Iser:René Wellek:Pope John Paul II:,/wiki/Roman_Ingarden,FILL,FILL
Bauch,,,Rudolf Carnap:,/wiki/Bruno_Bauch,FILL,FILL
Shang,,,Confucius:,/wiki/Shang_dynasty,FILL,FILL
Kurt Koffka, (1886–1941),Carl Stumpf:,Lev Vygotsky:Maurice Merleau-Ponty:Kurt Lewin:,/wiki/Kurt_Koffka,FILL,FILL
Karl-Otto Apel, (1922–2017),Immanuel Kant:Martin Heidegger:Charles S. Peirce:Georg Henrik von Wright:Max Horkheimer:,Jürgen Habermas:Vittorio Hösle:Hans-Hermann Hoppe:,/wiki/Karl-Otto_Apel,FILL,FILL
Odo Marquard, (1928–2015),Gehlen:Kant:Freud:Müller:,Gerd B. Achenbach:,/wiki/Odo_Marquard,FILL,FILL
Henry David Thoreau, (1817–1862),Aeschylus:Aristotle:Thomas Carlyle:Charles Darwin:Étienne de La Boétie:Indian philosophy:Cato the Elder:Alexander von Humboldt:Ralph Waldo Emerson:Pindar:Homer:,Walt Whitman:Leo Tolstoy:Mahatma Gandhi:Martin Luther King Jr.:John Zerzan:George Bernard Shaw:Sinclair Lewis:E. O. Wilson:W. B. Yeats:Stanley Cavell:Marcel Proust:E. B. White:Christopher McCandless:John Muir:John F. Kennedy:Emma Goldman:Glenn Gould:Upton Sinclair:Ernest Hemingway:B. F. Skinner:,/wiki/Henry_David_Thoreau,FILL,FILL
Max Adler,,,Lucien Goldmann:,/wiki/Max_Adler_(Marxist),FILL,FILL
Alfred Wilhelm Volkmann,,,Hermann Lotze:,/wiki/Alfred_Wilhelm_Volkmann,FILL,FILL
Augustin Thierry,,,Antonio Rosmini-Serbati:,/wiki/Augustin_Thierry,FILL,FILL
Thomas Hobbes, (1588–1679),Niccolò Machiavelli:Aristotle:Plato:Roger Bacon:Tacitus:Robert Grosseteste:René Descartes:Hugo Grotius:Thomas White:Francis Bacon:William of Ockham:Epicurus:Paolo Sarpi:Thucydides:Cicero:,legal:sociology:political:,/wiki/Thomas_Hobbes,FILL,FILL
Ticonius,,,Augustine of Hippo:,/wiki/Ticonius,FILL,FILL
Jakob Friedrich Fries, (1773–1843),Karl Leonhard Reinhold:Immanuel Kant:,Karl Popper:Hermann Lotze:Leonard Nelson:Otto Fritz Meyerhof:,/wiki/Jakob_Friedrich_Fries,FILL,FILL
René Thom,,,Edgar Morin:,/wiki/Ren%C3%A9_Thom,FILL,FILL
John Spencer,,,Karl Leonhard Reinhold:,/wiki/John_Spencer_(priest),FILL,FILL
Nicolas-Edme Rétif,,,Charles Fourier:,/wiki/Nicolas_Restif_de_la_Bretonne,FILL,FILL
Jean Wahl, (1888–1974),Søren Kierkegaard:Nicolai Hartmann:George Santayana:Martin Heidegger:William James:Henri Bergson:G. W. F. Hegel:,Emmanuel Levinas:Gilles Deleuze:Jean-Paul Sartre:,/wiki/Jean_Wahl,FILL,FILL
Ralph Cudworth, (1617–1688),Plato:,Masham:Shaftesbury:,/wiki/Ralph_Cudworth,FILL,FILL
Massignon,,,Henry Corbin:,/wiki/Louis_Massignon,FILL,FILL
Iris Marion Young, (1949–2006),Jürgen Habermas:Jacques Derrida:Michel Foucault:Karl Marx:Simone de Beauvoir:Maurice Merleau-Ponty:,Seyla Benhabib:,/wiki/Iris_Marion_Young,FILL,FILL
Viète,,,René Descartes:,/wiki/Fran%C3%A7ois_Vi%C3%A8te,FILL,FILL
Cyril of Alexandria,,,John of Damascus:,/wiki/Cyril_of_Alexandria,FILL,FILL
Johann Gottlieb Fichte,,,F. H. Bradley:,/wiki/Johann_Gottlieb_Fichte,FILL,FILL
Ludwig Wittgenstein, (1889–1951),Johann Georg Hamann:Heinrich Hertz:Leo Tolstoy:William James:Fyodor Dostoyevsky:G. E. Moore:Otto Weininger:Bertrand Russell:Oswald Spengler:Piero Sraffa:Gottlob Frege:Augustine of Hippo:Arthur Schopenhauer:Karl Kraus:Hermann von Helmholtz:Adolf Loos:Søren Kierkegaard:Frank P. Ramsey:L. E. J. Brouwer:Ludwig Boltzmann:Georg Christoph Lichtenberg:Johann Wolfgang von Goethe:,Gilbert Ryle:Quentin Skinner:Ian Hacking:Vienna Circle:Stephen Toulmin:Jon Fosse:G. E. Moore:Bertrand Russell:James F. Conant:Alice Crary:Noam Chomsky:Rudolf Carnap:Saul Kripke:Hans Sluga:G. E. M. Anscombe:Peter Hacker:Alan Turing:Frank P. Ramsey:Thomas Kuhn:Norman Malcolm:Paul Feyerabend:John Searle:Daniel Dennett:Cora Diamond:Crispin Wright:James Tully:Talal Asad:,/wiki/Ludwig_Wittgenstein,FILL,FILL
Iris Murdoch, (1919–1999),Plato:Stuart Hampshire:Simone Weil:Jean-Paul Sartre:Philippa Foot:,Elizabeth Anscombe:Martha Nussbaum:Philippa Foot:,/wiki/Iris_Murdoch,FILL,FILL
Hermeticism,,,Paracelsus:,/wiki/Hermeticism,FILL,FILL
al-Masihi,,,Avicenna:,/wiki/Abu_Sahl_%27Isa_ibn_Yahya_al-Masihi,FILL,FILL
Gilbert White,,,Charles Darwin:,/wiki/Gilbert_White,FILL,FILL
Thales, (c. 635 – 543 BC),Babylonian astronomy:Ancient Egyptian religion:Ancient Egyptian mathematics:,Xenophanes:Anaximander:Anaximenes:Pythagoras:,/wiki/Thales,FILL,FILL
Gary Snyder,,,Alan Watts:,/wiki/Gary_Snyder,FILL,FILL
Thales of Miletus,,,Anaximander:,/wiki/Thales_of_Miletus,FILL,FILL
P. F. Strawson, (1919–2006),Immanuel Kant:J. L. Austin:A.J. Ayer:Ludwig Wittgenstein:Bertrand Russell:Gilbert Ryle:,Colin McGinn:Keith Donnellan:Ramchandra Gandhi:Martin Hollis:Joshua Knobe:John Searle:David Lewis:Pierre Bourdieu:Arda Denkel:Ted Honderich:,/wiki/P._F._Strawson,FILL,FILL
Max Stirner, (1806–1856),Hegel:Epicurus:Fichte:Proudhon:Sade:Feuerbach:Goethe:Yang:Bauer:Smith:,Vaneigem:Gross:Armand:Mühsam:Tucker:Wilson:Mackay:Novatore:Read:Mencken:Camus:Black:Engels:Evola:Brassier:Newman:Igualada:Jünger:Brand:Landauer:Pisarev:Steiner:Marsden:Freud:Arrigoni:Goldman:Bahnsen:Byington:Marx:Adler:Reich:Schmitt:,/wiki/Max_Stirner,FILL,FILL
Omar Khayyam, (1048–1131),Euclid:al-Khwārizmī:Avicenna:Apollonius of Perge:,Tusi:Nizami Aruzi of Samarcand:Al-Khazini:Edward FitzGerald:André Gide:John Wallis:Hafez:Saccheri:,/wiki/Omar_Khayyam,FILL,FILL
Charles Taylor (philosopher), (born 1931),Daniel Bell:Émile Durkheim:Johann Georg Hamann:Martin Heidegger:Hans-Georg Gadamer:William James:Dame Iris Murdoch:G. W. F. Hegel:Gilles Lipovetsky:Maurice Merleau-Ponty:George Herbert Mead:Aristotle:Max Weber:Wilfred Cantwell Smith:Alexander von Humboldt:Hubert Dreyfus:Plato:Paul Ricœur:Karl Marx:Alexis de Tocqueville:Michael Polanyi:John McDowell:Sir Isaiah Berlin:Ludwig Wittgenstein:Johann Gottfried Herder:Christopher Lasch:,Axel Honneth:Michael J. Sandel:Nikolas Kompridis:Craig Calhoun:Jack Layton:Alain Touraine:Mark Stuart Edwards:David Lyon:Joseph Augustine Di Noia:Charles Lindholm:Sean Dorrance Kelly:Robert N. Bellah:Hans Joas:Daniel A. Bell:Ken Wilber:Guy Laforest:Christian Smith:Kwame Anthony Appiah:Mary Poovey:Michael Walzer:James K. A. Smith:Bhikhu Parekh:James Tully:,/wiki/Charles_Taylor_(philosopher),FILL,FILL
Yang Chu, (370–319 BC),,Mencius:Max Stirner:,/wiki/Yang_Chu,FILL,FILL
Charles de Gaulle,,,Roger Scruton:,/wiki/Charles_de_Gaulle,FILL,FILL
Peter Abelard, (1079–1142),Boethius:Aristotle:Porphyry:,Arnold of Brescia:William of Ockham:John of Salisbury:,/wiki/Peter_Abelard,FILL,FILL
Thomas Aquinas, (1225–1274),St. Paul:Aristotle:Anselm of Canterbury:Plato:Pseudo-Dionysius:Albertus Magnus:Averroes:Socrates:Cicero:Boethius:Al-Ghazali:Avicenna:Maimonides:Augustine of Hippo:,Western philosophy:Catholic theology:Protestant theology:,/wiki/Thomas_Aquinas,FILL,FILL
Ortlepp,,,Friedrich Nietzsche:,/wiki/Ernst_Ortlepp,FILL,FILL
Arthur Pap,,,Nuel Belnap:,/wiki/Arthur_Pap,FILL,FILL
F. C. S. Schiller, (1864–1937),Protagoras:William James:,"Victoria, Lady Welby:William James:",/wiki/F._C._S._Schiller,FILL,FILL
Andrews,,,Lysander Spooner:,/wiki/Stephen_Pearl_Andrews,FILL,FILL
Frank P. Ramsey,,,Max Black:,/wiki/Frank_Ramsey_(mathematician),FILL,FILL
Quintilian,,,Augustine of Hippo:,/wiki/Quintilian,FILL,FILL
Pseudo-Dionysius the Areopagite, (5th century),Basil of Caesarea:Proclus:Clement of Alexandria:Iamblichus:Origen:Plotinus:Gregory of Nyssa:,Western Christianity:Eastern:,/wiki/Pseudo-Dionysius_the_Areopagite,FILL,FILL
Jacques Derrida, (1930–2004),Joyce:Levinas:Meister Eckhart:Rousseau:De Saussure:Husserl:Bataille:Plato:Barthes:Freud:Kafka:Nietzsche:Kierkegaard:Austin:Lévi-Strauss:Hegel:Marx:Benjamin:Blanchot:Genet:Heidegger:,James KA Smith:Judith Butler:Geoffrey Hartman:Paul B. Preciado:Catherine Malabou:John D. Caputo:Bernard Stiegler:Paul de Man:Béatrice Galinon-Mélénec:Maebh Long:Philippe Lacoue-Labarthe:Peter Rollins:Jean-Luc Nancy:Sarah Kofman:Gayatri Chakravorty Spivak:Richard Rorty:,/wiki/Jacques_Derrida,FILL,FILL
"Claude Henri de Rouvroy, Comte de Saint-Simon", (1760–1825),Charles Dunoyer:Anne Robert Jacques Turgot:Adam Smith:Augustin Thierry:Isaac Newton:Emmanuel Sieyès:Jean-Baptiste Say:Marquis de Condorcet:René Descartes:John Locke:Jean le Rond d'Alembert:Voltaire:Nicolas-Edme Rétif:Joseph de Maistre:Francis Bacon:David Hume:Jean-Jacques Rousseau:Edward Gibbon:,Pierre-Joseph Proudhon:Prosper Enfantin:Auguste Comte:Lorenz von Stein:Friedrich Engels:Karl Marx:Pierre Leroux:John Stuart Mill:Péreire brothers:Thorstein Veblen:Michel Chevalier:,"/wiki/Claude_Henri_de_Rouvroy,_Comte_de_Saint-Simon",FILL,FILL
William Robertson,,,Thomas Jefferson:,/wiki/William_Robertson_(historian),FILL,FILL
Parker,,,John Dewey:,/wiki/Francis_Wayland_Parker,FILL,FILL
Avicennism,,,Ibn Tufail:,/wiki/Avicennism,FILL,FILL
Alcmaeon of Croton, (5th century BC),Pythagoras:,Calcidius:Aristotle:Galen:Favorinus:Plutarch:Stobaeus:,/wiki/Alcmaeon_of_Croton,FILL,FILL
Martin Buber, (1878–1965),Immanuel Kant:Pierre-Joseph Proudhon:Søren Kierkegaard:Wilhelm Dilthey:Jacob L. Moreno:Sigmund Freud:Ludwig Feuerbach:Rudolf Bultmann:Ralph Waldo Emerson:Georg Simmel:Friedrich Nietzsche:Zhuangzi:,Abraham Joshua Heschel:Hans Urs von Balthasar:Gabriel Marcel:Franz Rosenzweig:Emmanuel Levinas:Emil Brunner:John Berger:Fritz Perls:Walter Kaufmann:Laura Perls:,/wiki/Martin_Buber,FILL,FILL
Stéphane Mallarmé,,,Alain Badiou:,/wiki/St%C3%A9phane_Mallarm%C3%A9,FILL,FILL
F. F. Zelinsky,,,Mikhail Bakhtin:,/wiki/Tadeusz_Stefan_Zieli%C5%84ski,FILL,FILL
Abel Rey,,,Gaston Bachelard:,/wiki/Abel_Rey,FILL,FILL
Jacobus Golius,,,René Descartes:,/wiki/Jacobus_Golius,FILL,FILL
Saint-Martin,,,Joseph de Maistre:,/wiki/Louis_Claude_de_Saint-Martin,FILL,FILL
Xenocrates, (396–314 BC),Pythagoreanism:Speusippus:,Crantor:Polemo:,/wiki/Xenocrates,FILL,FILL
Classic of Poetry,,,Confucius:,/wiki/Classic_of_Poetry,FILL,FILL
Ugo Foscolo,,,Giacomo Leopardi:,/wiki/Ugo_Foscolo,FILL,FILL
Hannah Arendt, (1906–1975),Aristotle:Montesquieu:Walter Benjamin:Karl Marx:Heinrich Blücher:Rosa Luxemburg:Karl Jaspers:Socrates:Goethe:Saint Augustine:Kant:Heidegger:,Giorgio Agamben:Elisabeth Young-Bruehl:Seyla Benhabib:Mario Kopić:Jacques Rancière:Emerita Quito:Claude Lefort:Julia Kristeva:,/wiki/Hannah_Arendt,FILL,FILL
Virgil,,,Augustine of Hippo:,/wiki/Virgil,FILL,FILL
Anton Marty, (1847–1914),Franz Brentano:,Roman Jakobson:,/wiki/Anton_Marty,FILL,FILL
Sydney Morgenbesser,,,Jerry Fodor:,/wiki/Sidney_M,FILL,FILL
Karl Höchberg,,,Eduard Bernstein:,/wiki/Karl_H%C3%B6chberg,FILL,FILL
Meade,,,John Rawls:,/wiki/James_Meade,FILL,FILL
Charles Cooley,,,George Herbert Mead:,/wiki/Charles_Cooley,FILL,FILL
J. L. Mackie, (1917–1981),David Hume:John Anderson:,Colin MacLeod:Michael Martin:Richard Joyce:,/wiki/J._L._Mackie,FILL,FILL
Abu Yaqub Yusuf,,,Ibn Tufail:,/wiki/Abu_Yaqub_Yusuf,FILL,FILL
Mohammed Abed al-Jabri,,,Enrique Dussel:,/wiki/Mohammed_Abed_al-Jabri,FILL,FILL
Nikolai Berdyaev, (1874–1948),Nietzsche:Solovyov:Baader:Hegel:Sergey Bulgakov:Seraphim of Sarov:Khomyakov:Lev Shestov:Semyon Frank:Dostoyevsky:Leontiev:Böhme:Kant:,Ellul:Marcel:Sergey Bulgakov:Mortimer J. Adler:Kroner:Huxley:Watts:Džalto:Semyon Frank:Ivan Devčić:Maurin:,/wiki/Nikolai_Berdyaev,FILL,FILL
Abraham Kuyper,,,Alvin Plantinga:,/wiki/Abraham_Kuyper,FILL,FILL
Richard Sylvan, (1935–1996),Alexius Meinong:,Graham Priest:,/wiki/Richard_Sylvan,FILL,FILL
Rudolf Steiner, (1861–1925),Nietzsche:Helena Blavatsky:Eduard von Hartmann:Hegel:Fichte:Schiller:Karl Julius Schröer:Franz Brentano:Silvio Gesell:Schelling:Goethe:Kant:,Edouard Schuré:Andrej Belyj:Daniel Nicol Dunlop:Saul Bellow:Andrei Tarkovsky:Max Heindel:Wassily Kandinsky:Hilma af Klint:Richard Tarnas:Josef Beuys:Albert Schweitzer:Owen Barfield:Valentin Tomberg:Hugo Bergmann:Martin Buber:,/wiki/Rudolf_Steiner,FILL,FILL
Maurras,,,Maurice Blanchot:,/wiki/Charles_Maurras,FILL,FILL
Gianni Vattimo, (born 1936),John Caputo:Luigi Pareyson:Martin Heidegger:Karl Marx:Hans-Georg Gadamer:Karl Löwith:Friedrich Nietzsche:Richard Rorty:,Mario Kopić:Lorenzo Ferrero:Richard Rorty:Stefan Lorenz Sorgner:Maurizio Ferraris:,/wiki/Gianni_Vattimo,FILL,FILL
Allama Tabatabai, (1903–1981),Mulla Sadra:Hujjat Kuhkamari:Naeeni:Hadi Sabzavari:Sayyed Hosein Badkuba'i:Allameh Qazi:Muhammad Hosein Esfehani:Sayyid Abu'l-Qasim Khwansari:,Musa Sadr:Dariush Shayegan:Makarem Shirazi:Muhammad Beheshti:Hossein Nasr:Hassan Hassanzadeh Amoli:Muhammad al-Tijani:Muhammad Mofatteh:Ebrahim Amini:Sayyed Jalal-ed-Din Ashtiani:Javadi Amoli:Morteza Motahhari:Henry Corbin:,/wiki/Allama_Tabatabai,FILL,FILL
Karl Jaspers, (1883–1969),Immanuel Kant:Nicolaus Cusanus:Max Weber:Søren Kierkegaard:Georg Wilhelm Friedrich Hegel:Martin Heidegger:Spinoza:Friedrich Nietzsche:Meister Eckhart:,William A. Earle:Paul Ricœur:Heinrich Blücher:Hans-Georg Gadamer:Hannah Arendt:,/wiki/Karl_Jaspers,FILL,FILL
Julien Offray de La Mettrie, (1709–1751),John Locke:François-Joseph Hunauld:Herman Boerhaave:,François Picavet:Michel Onfray:,/wiki/Julien_Offray_de_La_Mettrie,FILL,FILL
