,name,birth,incoming_links,outgoing_links,page,latitude,longitude
0,Arthur Schopenhauer, (1788–1860),Aristotle:Plato:Berkeley:Locke:Krause:Schulze:Theravada:Hinduism (Upanishads):Goethe:German mysticism:Spinoza:Hume:Kant:Descartes:,Anjos:Solovyov:Weininger:Kraus:Hartmann:Ryle:Schlick:Zola:Assis:Hesse:Hardy:Mainländer:Schrödinger:Spengler:Vaihinger:Mahler:Rank:Volkelt:Cioran:Fet:Rilke:Zapffe:Huysmans:Campbell:Santayana:Horkheimer:Schoenberg:Wagner:Proust:Dilthey:Bergson:Einstein:Michelstaedter:Jung:Reve:Brahms:Freud:Wittgenstein:Tolstoy:Gray:Bahnsen:Maupassant:Nietzsche:Brouwer:Ludovici:Beckett:Mann:Majorana:Shaw:Borges:Ligotti:,/wiki/Arthur_Schopenhauer,54.367,18.633
1,Imam Ali,,,Mulla Sadra:,/wiki/Ali,FILL,FILL
2,Dreben,,,John Rawls:,/wiki/Burton_Dreben,42.35806,-71.06361
3,Schilder,,,Maurice Merleau-Ponty:,/wiki/Paul_Ferdinand_Schilder,FILL,FILL
4,Crates of Athens,,,Arcesilaus:,/wiki/Crates_of_Athens,FILL,FILL
5,Abendroth,,,Jürgen Habermas:,/wiki/Wolfgang_Abendroth,FILL,FILL
6,Sotion,,,Seneca the Younger:,/wiki/Sotion_(Pythagorean),FILL,FILL
7,Alois Riehl,,,Heinrich Rickert:,/wiki/Alois_Riehl,FILL,FILL
8,Justus Buchler, (1914–1991),Peirce:,Beth J. Singer:Stephen David Ross:Robert S. Corrington:Kathleen A. Wallace:Armen Marsoobian:Victorino Tejera:Christopher Phillips:,/wiki/Justus_Buchler,40.71278,-74.00611
9,J. L. Mackie, (1917–1981),David Hume:John Anderson:,Colin MacLeod:Michael Martin:Richard Joyce:,/wiki/J._L._Mackie,FILL,FILL
10,Jean-François Lyotard, (1924–1998),Nietzsche:Lacan:Durkheim:Austin:Marx:Parsons:Montaigne:Klossowski:Deleuze and Guattari:Freud:Wittgenstein:Kant:Heidegger:,Alain Badiou:Roland Barthes:Margret Grebowicz:Mark Fisher:Richard Rorty:,/wiki/Jean-Fran%C3%A7ois_Lyotard,48.8053,2.135
11,Al-Shafi'i,,,Fakhr al-Din al-Razi:,/wiki/Al-Shafi%27i,FILL,FILL
12,Hartmann,,,Carl Jung:,/wiki/Eduard_von_Hartmann,52.52,13.405
13,Paul Hensel,,,Hans Reichenbach:,/wiki/Paul_Hensel,FILL,FILL
14,Michael Bratman,,,Allan Gibbard:,/wiki/Michael_Bratman,FILL,FILL
15,Felix Ravaisson-Mollien, (1813–1900),Aristotle:Victor Cousin:Descartes:Schelling:Leibniz:Maine de Biran:Pascal:,Pierre Hadot:Louis Lavelle:Paul Ricœur:Martin Heidegger:Dominique Janicaud:Henri Bergson:François Laruelle:Maurice Merleau-Ponty:,/wiki/Felix_Ravaisson-Mollien,50.467,4.867
16,Charles Renouvier,,,Leon Brunschvicg:,/wiki/Charles_Renouvier,43.6119,3.8772
17,Thomas More, (1478–1535),Augustine of Hippo:Aristotle:Plato:Amerigo Vespucci:John Fisher:Lucian:Socrates:Thomas Aquinas:Dante Alighieri:Erasmus:Giovanni Pico della Mirandola:Cicero:,William Shakespeare:John Henry Newman:,/wiki/Thomas_More,FILL,FILL
18,Otto von Guericke,,,Robert Boyle:,/wiki/Otto_von_Guericke,52.13167,11.63917
19,Pāṇini,,,Ferdinand de Saussure:,/wiki/P%C4%81%E1%B9%87ini,FILL,FILL
20,Louis Lavelle, (1883–1951),Maine de Biran:,Nikolai Berdiaev:Alfredo Bosi:Pierre Hadot:Paul Ricœur:A. D. Sertillanges:Olavo de Carvalho:Renaud Barbaras:Gabriel Marcel:Jean Guitton:Walter J. Ong:,/wiki/Louis_Lavelle,44.6444,0.8217
21,Simondon,,,Gilles Deleuze:,/wiki/Gilbert_Simondon,45.4347,4.3903
22,Karl Popper, (1902–1994),Socrates:Hume:Frege:Fries:Mill:Bolzano:Aristotle:Vienna Circle:Campbell:Husserl:Kant:Descartes:Einstein:Selz:Russell:Kierkegaard:Burke:Peirce:Hayek:Wächtershäuser:Schopenhauer:Tarski:,Eccles:Feyerabend:Penrose:Munz:Gombrich:Deutsch:Hayek:Levinson:Kuhn:Bartley:Gillies:Soros:Lakatos:Shearmur:Jarvie:Gellner:Redhead:Medawar:Magee:Friedman:Lorenz:Miller:Albert:Schmidt:,/wiki/Karl_Popper,48.2,16.367
23,Étienne Bonnot de Condillac, (1715–1780),Locke:,Bello:Helvétius:Cousin:Lavoisier:Maine de Biran:Rousseau:,/wiki/%C3%89tienne_Bonnot_de_Condillac,45.171546,5.722387
24,André Leroi-Gourhan,,,Cornelius Castoriadis:,/wiki/Andr%C3%A9_Leroi-Gourhan,48.856613,2.352222
25,Samuel Richardson,,,Denis Diderot:,/wiki/Samuel_Richardson,FILL,FILL
26,Meister Eckhart, (1260–1327/8),Proclus:Pseudo-Dionysius:Johannes Scottus Eriugena:Thomas Aquinas:Augustine of Hippo:,D. T. Suzuki:Huldrych Zwingli:Nicholas of Cusa:Gustav Landauer:Jacques Derrida:Eckhart Tolle:Martin Heidegger:Martin Luther:Carl Gustav Jung:John Tauler:Matthew Fox:Julius Evola:Henry VIII:Erasmus:John Calvin:Henry Suso:,/wiki/Meister_Eckhart,50.94889,10.71833
27,Turgot,,,Marquis de Condorcet:,/wiki/Anne_Robert_Jacques_Turgot,FILL,FILL
28,Gotthard Günther,,,Edgar Morin:,/wiki/Gotthard_G%C3%BCnther,FILL,FILL
29,Lucilio Vanini, (1585–1619),Simone Porzio:Pietro Pomponazzi:Julius Caesar Scaliger:Paolo Sarpi:Gerolamo Cardano:,Charles Blount:,/wiki/Lucilio_Vanini,39.95,18.167
30,David Hartley (philosopher), (1705–1757),Isaac Newton:John Locke:Thomas Reid:,James Mill:Joseph Priestley:William Wordsworth:William James:,/wiki/David_Hartley_(philosopher),53.725,-1.863
31,Richard Sylvan, (1935–1996),Alexius Meinong:,Graham Priest:,/wiki/Richard_Sylvan,-40.62194,175.28667
32,Latin Christianity,,,John of Damascus:,/wiki/Latin_Church,FILL,FILL
33,Alexius Meinong, (1853–1920),David Hume:Franz Brentano:,Terence Parsons:Edward N. Zalta:William J. Rapaport:Roderick Chisholm:Panayot Butchvarov:Ernst Mally:Richard Hönigswald:Bertrand Russell:Héctor-Neri Castañeda:George Stout:Richard Routley:Graham Priest:Dale Jacquette:,/wiki/Alexius_Meinong,49.83,24.01417
34,Posidonius, (c. 135 – 51 BC),Chrysippus:Panaetius:Aristotle:Plato:,Jason of Nysa:Cleomedes:Plutarch:Strabo:Seneca:Cicero:Livy:Diodorus Siculus:,/wiki/Posidonius,35.418,36.398
35,Muhammad Abduh, (1849–1905),Abu al-Mānsūr al-Matūrīdī:Ibn Sina:Jamal ad-Din al-Afghani:Abu Hamīd al-Ghāzāli:Shihāb al-Din Sührawardį:Ibn 'Arabi:,Mohammed al-Ghazali:Mahmud Shaltut:Hassan al-Banna:Muhammad al-Tahir ibn Ashur:Sayyid Qutb:Mustafa al-Maraghi:Rashid Rida:Mahmoud Taleghani:Yusuf al-Qaradawi:Abul Kalam Azad:Muhammad Asad:,/wiki/Muhammad_Abduh,31.0275,30.71278
36,F. C. von Savigny,,,Rudolf von Jhering:,/wiki/Friedrich_Carl_von_Savigny,50.117,8.683
37,Rogers Albritton,,,Stanley Cavell:,/wiki/Rogers_Albritton,FILL,FILL
38,Hannah Arendt, (1906–1975),Aristotle:Montesquieu:Walter Benjamin:Karl Marx:Heinrich Blücher:Rosa Luxemburg:Karl Jaspers:Socrates:Goethe:Saint Augustine:Kant:Heidegger:,Giorgio Agamben:Elisabeth Young-Bruehl:Seyla Benhabib:Mario Kopić:Jacques Rancière:Emerita Quito:Claude Lefort:Julia Kristeva:,/wiki/Hannah_Arendt,52.3689,9.7008
39,Bourget,,,Friedrich Nietzsche:,/wiki/Paul_Bourget,FILL,FILL
40,Jean Renoir,,,Stanley Cavell:,/wiki/Jean_Renoir,48.856613,2.352222
41,Albumasar,,,Roger Bacon:,/wiki/Abu_Ma%27shar,36.76667,66.9
42,John Austin (legal philosophy), (1790–1859),Jeremy Bentham:,Joseph Raz:H. L. A. Hart:,/wiki/John_Austin_(legal_philosophy),52.167,1.0
43,Abu Yaqub Yusuf,,,Ibn Tufail:,/wiki/Abu_Yaqub_Yusuf,FILL,FILL
44,Founding Fathers,,,Leo Strauss:,/wiki/Founding_Fathers_of_the_United_States,FILL,FILL
45,Thomas Abbt,,,Johann Gottfried Herder:,/wiki/Thomas_Abbt,FILL,FILL
46,John Rawls, (1921–2002),Locke:Hobbes:Rousseau:Sidgwick:Meade:Mill:Aristotle:Berlin:Hart:Kant:Thoreau:Pareto:Darwin:Freud:King Jr.:Wittgenstein:Dreben:Nietzsche:Marx:Shklar:Malcolm:Constant:Weber:,Honneth:Raz:G.A. Cohen:Fleurbaey:Kymlicka:Harsanyi:Wolin:Sandel:Beitz:Anderson:Nino:Young:Appiah:Ricoeur:Otsuka:Brooks:Barry:Estlund:Scanlon:September Group:Wolff:Korsgaard:Taylor:Scarry:Walzer:Stern:Binmore:Shelby:Forst:O'Neill:Freeman:Foisneau:Neiman:Shapiro:Nussbaum:Davidson:Card:Cavell:Pogge:Krugman:West:Van Parijs:Nozick:Benhabib:Sen:Dworkin:Guttmann:Okin:Habermas:Cohen:Phelps:Rorty:Nagel:Fraser:,/wiki/John_Rawls,39.28944,-76.61528
47,Georges Bataille, (1897–1962),Alexandre Kojève:Émile Durkheim:Lev Shestov:Karl Marx:Sigmund Freud:Marcel Mauss:Maria de Naglowska:René Guénon:Friedrich Nietzsche:G. W. F. Hegel:Marquis de Sade:,Giorgio Agamben:Michel Leiris:Jacques Derrida:Maurice Blanchot:Guy Debord:Michel Onfray:Michel Foucault:Roland Barthes:Jacques Lacan:Nick Land:Jean Baudrillard:Julia Kristeva:,/wiki/Georges_Bataille,45.7197,3.3382
48,G. E. Moore, (1873–1958),John McTaggart:Henry Sidgwick:Thomas Reid:Bertrand Russell:George Stout:Gottlob Frege:,W. D. Ross:Ludwig Wittgenstein:Bertrand Russell:,/wiki/G._E._Moore,51.4196,-0.0877
49,Jean-Jacques Burlamaqui,,,Emerich de Vattel:,/wiki/Jean-Jacques_Burlamaqui,FILL,FILL
50,H. L. A. Hart, (1907–1992),Friedrich Waismann:Max Weber:Ludwig Wittgenstein:Jeremy Bentham:Hans Kelsen:J. L. Austin:John Austin:,Leslie Green:Neil MacCormick:Laurence Houlgate:Joel Feinberg:Paul Kelly:Norman P. Barry:John Rawls:Tony Honoré:John Gardner:,/wiki/H._L._A._Hart,53.99194,-1.53778
51,J. J. C. Smart, (1920–2012),Gilbert Ryle:Henry Sidgwick:,David Lewis:D. M. Armstrong:,/wiki/J._J._C._Smart,52.20528,0.11917
52,John R. Commons,,,Eric Voegelin:,/wiki/John_R._Commons,39.99861,-84.79222
53,Algirdas Julien Greimas,,,Bruno Latour:,/wiki/Algirdas_Julien_Greimas,54.2,37.617
54,Cheng Yi (philosopher),) (1033–1107),Mencius:Confucius:Zhou Dunyi:,Zhu Xi:,/wiki/Cheng_Yi_(philosopher),FILL,FILL
55,Islamic philosophy,,,Adelard of Bath:,/wiki/Islamic_philosophy,FILL,FILL
56,Speusippus, (410–339 BC),Pythagoreanism:Plato:,Xenocrates:,/wiki/Speusippus,FILL,FILL
57,William David Ross, (1877–1971),H. A. Prichard:Aristotle:Immanuel Kant:G. E. Moore:,Robert Audi:Tom Beauchamp:Bernard Gert:Tara Smith:,/wiki/William_David_Ross,58.596,-3.521
58,Syed Mir Hassan,,,Muhammad Iqbal:,/wiki/Syed_Mir_Hassan,FILL,FILL
59,L. E. J. Brouwer,,,Michael Dummett:,/wiki/L._E._J._Brouwer,51.933,4.433
60,Damaris Cudworth Masham, (1659–1708),Aristotle:Nicholas of Cusa:Ralph Cudworth:Plato:The Bible:Plotinus:Augustine of Hippo:,John Locke:Immanuel Kant:David Hume:Denis Diderot:,/wiki/Damaris_Cudworth_Masham,52.20528,0.11917
61,Arthur Danto, (1924–2013),Arthur Schopenhauer:Georg Wilhelm Friedrich Hegel:Andy Warhol:Ludwig Wittgenstein:Friedrich Nietzsche:Maurice Merleau-Ponty:Jean-Paul Sartre:Nelson Goodman:,Noël Carroll:David Carrier:George Dickie:,/wiki/Arthur_Danto,42.28139,-83.74833
62,Étienne Gilson, (1884–1978),Brunschvicg:Aristotle:Aquinas:Comte:Maritain:Bonaventure:Scotus:Dante:Augustine:,Norman Geisler:Thomas Merton:Richard McKeon:Dorothy Day:John F. X. Knasas:Paul Weiss:Vatican II:Henry Corbin:Jacques Maritain:,/wiki/%C3%89tienne_Gilson,48.856613,2.352222
63,Karl Höchberg,,,Eduard Bernstein:,/wiki/Karl_H%C3%B6chberg,FILL,FILL
64,Gershom Scholem, (1897–1982),Rosenzweig:Buber:Strauss:Cohen:Ahad Ha'am:Benjamin:Arendt:Kafka:Frege:,Bloom:Chabon:Strauss:Steiner:Idel:Derrida:Benjamin:Arendt:Agamben:Uffenheimer:Eco:Borges:,/wiki/Gershom_Scholem,52.52,13.405
65,Diotima,,,Plato:,/wiki/Diotima_of_Mantinea,FILL,FILL
66,Jean Baudrillard, (1929–2007) ,Alfred Jarry:Guy Debord:Marshall McLuhan:Michel Foucault:Henri Lefebvre:Ferdinand de Saussure:Karl Marx:Soren Kierkegaard:Jorge Luis Borges:Roland Barthes:Marcel Mauss:Georges Bataille:Friedrich Nietzsche:Thorstein Veblen:,Slavoj Žižek:Cody Wilson:Gerald Vizenor:Mario Perniola:The Wachowskis:Gilles Lipovetsky:Nick Land:Peter Halley:Byung-Chul Han:Sophie Calle:,/wiki/Jean_Baudrillard,49.2628,4.0347
67,Jacques Maritain, (1882–1973),Aristotle:John of St. Thomas:Charles Baudelaire:Charles Maurras:Étienne Gilson:Thomas Aquinas:,Mortimer J. Adler:John Haddox:Ivan Illich:Yves Simon:Yves Congar:John F. X. Knasas:Jean Daujat:Emmanuel Mounier:,/wiki/Jacques_Maritain,48.856613,2.352222
68,Paolo Sarpi,,,Thomas Hobbes:,/wiki/Paolo_Sarpi,FILL,FILL
69,Gilbert Harman, (born 1938),Willard Van Orman Quine:Noam Chomsky:,Stephen Stich:Joshua Knobe:,/wiki/Gilbert_Harman,FILL,FILL
70,Abu Madyan,,,Ibn Arabi:,/wiki/Abu_Madyan,37.6,-5.817
71,Ernst H. Kantorowicz,,,Marcel Gauchet:,/wiki/Ernst_Kantorowicz,52.40833,16.93361
72,Ibn Miskawayh, (940–1030),al-Kindi:Adurbad-e Mahrspandan:,Mulla Sadra:Nasir al-Din Tusi:,/wiki/Ibn_Miskawayh,FILL,FILL
73,Jan Patočka, (1907–1977),Fink:Hegel:Nietzsche:Plato:Weischedel:Heraclitus:Husserl:Socrates:Heidegger:,Havel:Charter 77:Prague Spring:Kohák:Czech philosophy:,/wiki/Jan_Pato%C4%8Dka,50.58722,15.15694
74,Saul Kripke, (born 1940),Dummett:Lewis:Turing:Curry:Marcus:Russell:Wittgenstein:Quine:Frege:Tarski:,Devitt:Weinstein:Chalmers:Burge:Field:Burgess:Yablo:Salmon:Kaplan:Boghossian:Soames:Putnam:Shoemaker:Evans:,/wiki/Saul_Kripke,40.72972,-73.25361
75,Wilhelm Windelband, (1848–1915),Kuno Fischer:Immanuel Kant:Georg Wilhelm Friedrich Hegel:Hermann Lotze:Johann Friedrich Herbart:,Max Weber:Edmund Husserl:Ernst Troeltsch:Albert Schweitzer:Heinrich Rickert:,/wiki/Wilhelm_Windelband,52.4,13.067
76,Jean-Paul Sartre, (1905–1980),Wahl:Levinas:Nizan:Merleau-Ponty:Rousseau:Céline:Husserl:Proust:Kojève:Flaubert:Bergson:Darwin:Stekel:Bachelard:Freud:Kierkegaard:Hegel:Nietzsche:Marx:Lefebvre:Heidegger:de Beauvoir:,Debord:Merleau-Ponty:Guevara:van Fraassen:Gorz:Bourdieu:Fanon:Laing:Badiou:Lukács:Camus:Aron:Lacan:Butler:Deleuze:Jeanson:de Beauvoir:Goffman:Rancière:Pinter:Leibowitz:,/wiki/Jean-Paul_Sartre,48.856613,2.352222
77,Wilfred Cantwell Smith,,,John Hick:,/wiki/Wilfred_Cantwell_Smith,43.74167,-79.37333
78,Saint Jerome,,,Thomas Cajetan:,/wiki/Jerome,FILL,FILL
79,de Gérando,,,Ralph Waldo Emerson:,"/wiki/Joseph_Marie,_baron_de_G%C3%A9rando",FILL,FILL
80,Alfred Wilhelm Volkmann,,,Hermann Lotze:,/wiki/Alfred_Wilhelm_Volkmann,FILL,FILL
81,Eduard Von Hartmann, (1842–1906),Arthur Schopenhauer:Friedrich Wilhelm Joseph Schelling:Carl Gustav Carus:Georg Wilhelm Friedrich Hegel:Max Stirner:,Arthur Drews:Hans Vaihinger:Sigmund Freud:Carl Jung:Johannes Rehmke:Rudolf Steiner:,/wiki/Eduard_Von_Hartmann,52.52,13.405
82,Mulla Sadra, (1571–1640),Sheykh Baha'i:Ibn Arabi:Shahab al-Din Suhrawardi:Mir Damad:Imam Ali:Bahāʾ al-dīn al-ʿĀmilī:Avicenna:,Abul A'la Maududi:Gholamhossein Ebrahimi Dinani:Ruhollah Khomeini:Muhammad Husayn Tabatabaei:Hossein Nasr:Hadi Sabzavari:Morteza Motahhari:,/wiki/Mulla_Sadra,29.61,52.5425
83,Lao Zi,) (4th century BC),,Daoism:Zen:Zhuang Zhou:Neotaoists:Chinese Buddhism:Martin Heidegger:East Asian philosophies:Carl Jung:Lie Yukou:Niels Bohr:Alan Watts:,/wiki/Lao_Zi,FILL,FILL
84,Hilary of Poitiers,,,Augustine of Hippo:,/wiki/Hilary_of_Poitiers,FILL,FILL
85,Huch,,,Ludwig Klages:,/wiki/Friedrich_Huch,FILL,FILL
86,Theophrastus, (372–287 BC),Aristotle:Plato:,Peripatetic school:Alexander of Aphrodisias:Strato of Lampsacus:,/wiki/Theophrastus,39.171,25.931
87,Robert Filmer, (1588–1653),Hobbes:Aristotle:Milton:Grotius:,Tyrrell:Moldbug:Sidney:Locke:,/wiki/Robert_Filmer,51.21583,0.61583
88,Karl Christian Friedrich Krause, (1781–1832),Immanuel Kant:Friedrich W. Schelling:Plato:Johann Gottlieb Fichte:G. W. F. Hegel:Baruch Spinoza:,Julián Sanz del Rio:Hipólito Yrigoyen:Arthur Schopenhauer:Francisco Giner de los Ríos:,/wiki/Karl_Christian_Friedrich_Krause,50.96667,11.9
89,Gemistus Pletho, (c. 1355 – c. 1452),Plotinus:Plato:Demetrios Kydones:,John Argyropoulos:Hermonymus of Sparta:Nicholas of Cusa:Marsilio Ficino:Cosimo de' Medici:Bessarion:,/wiki/Gemistus_Pletho,41.01389,28.95556
90,Nicholas Onufrievich Lossky, (1870–1965),Hegel:Wilhelm Windelband:Pavel Florensky:Wilhelm Wundt:Origen:Vladimir Solovyov:Plotinus:,Nicolai Hartmann:Vladimir Lossky:,/wiki/Nicholas_Onufrievich_Lossky,55.883,27.167
91,Cornelius Castoriadis, (1922–1997),Martin Heidegger:Piera Aulagnier:György Lukács:G. L. Boggs:Jean-Jacques Rousseau:Maurice Merleau-Ponty:Susan Isaacs:Aristotle:Jacques Derrida:Max Weber:J. G. Fichte:Hannah Arendt:Joan Robinson:Leon Trotsky:Serge Latouche:Gaston Bachelard:Edmund Husserl:Jacques Ellul:Paul Ricœur:Karl Marx:Giambattista Vico:Francisco Varela:C. L. R. James:Jean Laplanche:Melanie Klein:Sigmund Freud:Rosa Luxemburg:Jean-Bertrand Pontalis:René Poirier:André Leroi-Gourhan:,Nicole Loraux:Harald Wolf:Zygmunt Bauman:Pierre Vidal-Naquet:Graham Ward:Nikolas Kompridis:Shimshon Bichler:François Roustang:Jonathan Nitzan:Marcel Gauchet:Raphaël Gély:Guy Debord:Jacques Le Goff:Lorraine Code:Maurice Brinton:Elias Petropoulos:Johann Pál Arnason:Frieder Otto Wolf:Edgar Morin:Takis Fotopoulos:Sophie Klimis:René Lourau:Sudipta Kaviraj:Daniel Cohn-Bendit:Robin Hahnel:Serge Latouche:Mathieu Potte-Bonneville:Georges Lapassade:Hans Joas:Vincent Descombes:Vincent de Gaulejac:Myriam Revault d'Allonnes:Anthony Giddens:Andrew Arato:Claude Lefort:Jean Baudrillard:Laurent Van Eynde:Georges Duby:Francisco Varela:Gabriel Rockhill:John B. Thompson:Jean-Claude Michéa:Yorgos Oikonomou:Hans G. Furth:E. P. Thompson:Danilo Martuccelli:Richard Rorty:,/wiki/Cornelius_Castoriadis,41.01389,28.95556
92,Norwood Russell Hanson, (1922–1967),Ludwig Wittgenstein:,Thomas Kuhn:,/wiki/Norwood_Russell_Hanson,FILL,FILL
93,'Ilm al-Huruf,,,Ibn Sabin:,/wiki/%27Ilm_al-huruf,FILL,FILL
94,Monaldo Leopardi,,,Giacomo Leopardi:,/wiki/Monaldo_Leopardi,FILL,FILL
95,Michel de Montaigne, (1533–1592),Horace:Diogenes Laertius:Plato:Lucretius:Ovid:Heraclitus:Étienne de La Boétie:Plutarch:Terence:Virgil:Seneca:Socrates:Sextus Empiricus:Augustine:Epicurus:Cicero:,Charles Darwin:Albert Hirschman:José Saramago:Voltaire:Eric Hoffer:Blaise Pascal:Francis Bacon:Virginia Woolf:Jean-Jacques Rousseau:William Shakespeare:William Hazlitt:Isaac Asimov:Michel Foucault:Jean Paul Sartre:Pierre Charron:Fulton Sheen:Ralph Waldo Emerson:David Hume:Gore Vidal:Montesquieu:Michel Onfray:Karl Marx:John Henry Newman:Stefan Zweig:Jean-François Lyotard:Étienne de La Boétie:René Descartes:Sigmund Freud:Albert Camus:Friedrich Nietzsche:Alexander Pushkin:Edward Gibbon:,/wiki/Michel_de_Montaigne,44.87833,0.03
96,Sylvain Lazarus,,,Alain Badiou:,/wiki/Sylvain_Lazarus,FILL,FILL
97,Curt John Ducasse,,,Roderick Chisholm:,/wiki/Curt_John_Ducasse,45.65,0.16
98,Toni Morrison,,,Cornel West:,/wiki/Toni_Morrison,FILL,FILL
99,Abu al-Mānsūr al-Matūrīdī,,,Muhammad Abduh:,/wiki/Abu_Mansur_al-Maturidi,FILL,FILL
100,F. H. Bradley, (1846–1924),Immanuel Kant:Hermann Lotze:Johann Gottlieb Fichte:G. W. F. Hegel:F. W. J. Schelling:,James Ward:C. A. Campbell:T. S. Eliot:Alfred North Whitehead:Bernard Bosanquet:,/wiki/F._H._Bradley,51.46,-0.14
101,Franz Rosenzweig, (1886–1929),Kierkegaard:Hegel:Rosenstock-Huessy:Buber:Schelling:Cohen:,Buber:Levinas:Glatzer:Fackenheim:Santner:Derrida:Benjamin:Leo Strauss:Irad Kimhi:,/wiki/Franz_Rosenzweig,51.3158,9.4979
102,Adam Müller,,,Othmar Spann:,/wiki/Adam_M%C3%BCller,FILL,FILL
103,Tawney,,,Leo Strauss:,/wiki/R._H._Tawney,22.5726723,88.3638815
104,Ernst Friedrich Apelt,,,Leonard Nelson:,/wiki/Ernst_Friedrich_Apelt,FILL,FILL
105,Mozart,,,Søren Kierkegaard:,/wiki/Wolfgang_Amadeus_Mozart,FILL,FILL
106,Klemens von Metternich,,,John Henry Newman:,/wiki/Klemens_von_Metternich,FILL,FILL
107,Adam Marsh,,,Roger Bacon:,/wiki/Adam_Marsh,FILL,FILL
108,Nausiphanes,,,Epicurus:,/wiki/Nausiphanes,FILL,FILL
109,Semën Liudvigovich Frank, (1877–1950),Nietzsche:Hegel:Solovyov:Nicolaus Cusanus:Dostoyevsky:Plotinus:Kant:Nikolai Berdyaev:,Nikolai Berdyaev:,/wiki/Sem%C3%ABn_Liudvigovich_Frank,55.75583,37.61722
110,Robert Brenner,,,Gáspár Miklós Tamás:,/wiki/Robert_Brenner,40.71278,-74.00611
111,Paul Feyerabend, (1924–1994),Mill:Kierkegaard:Anscombe:Popper:Bachelard:Koyré:Wittgenstein:Lessing:Ehrenhaft:,McCloskey:Lakatos:McKenna:Murphy:Churchland:Nader:Kuhn:Foucault:Hacking:,/wiki/Paul_Feyerabend,48.2,16.367
112,Charles Péguy,,,Emmanuel Mounier:,/wiki/Charles_P%C3%A9guy,FILL,FILL
113,Considérant,,,Nikolai Chernyshevsky:,/wiki/Victor_Prosper_Considerant,46.9419,5.8792
114,Jules Lequier, (1814–1862),J. G. Fichte:,Charles Renouvier:Charles Hartshorne:William James:,/wiki/Jules_Lequier,48.4044,-2.9081
115,Thomas Henry Huxley, (1825–1895),Edward Forbes:Charles Darwin:,Henry Fairfield Osborn:Julian Huxley:E. Ray Lankester:Hubert Harrison:H. G. Wells:William Henry Flower:Aldous Huxley:,/wiki/Thomas_Henry_Huxley,51.5175,-0.2988
116,Gustav Bergmann, (1906–1987),Friedrich Waismann:Walther Mayer:Rudolf Carnap:Moritz Schlick:,John O'Neill:Berlin Circle:Vienna Circle:,/wiki/Gustav_Bergmann,48.2,16.367
117,Frege,,,Gershom Scholem:,/wiki/Frege,FILL,FILL
118,Thomas Hill Green, (1836–1882),Benjamin Jowett:Immanuel Kant:F. D. Maurice:G. W. F. Hegel:,R. L. Nettleship:J. H. Muirhead:C. B. Macpherson:Leonard Hobhouse:John Cook Wilson:Hastings Rashdall:John Dewey:David George Ritchie:F. H. Bradley:Samuel Alexander:,/wiki/Thomas_Hill_Green,53.73539,-1.19697
119,Anthony,,,Augustine of Hippo:,/wiki/Anthony_the_Great,FILL,FILL
120,Michel Serres, (1930–2019),Baruch Spinoza:Gaston Bachelard:,Bruno Latour:Pierre Lévy:Ilya Prigogine:Steven Connor:Réda Benkirane:Isabelle Stengers:,/wiki/Michel_Serres,44.2049,0.6212
121,Baron d'Holbach, (1723–1789),Hobbes:Bolingbroke:Pierre Bayle:,Nietzsche:Danton:Marx:Darwin:Weishaupt:Onfray:Freud:Desmoulins:Kant:Marat:,/wiki/Baron_d%27Holbach,49.267,8.133
122,Shihāb al-Din Sührawardį,,,Muhammad Abduh:,/wiki/Shihab_al-Din_%27Umar_al-Suhrawardi,36.07222,48.44
123,Friedrich Schelling, (1775–1852),Jacobi:Plato:Kielmeyer:Hölderlin:Herder:J. G. Fichte:Goethe:Spinoza:Plotinus:Böhme:Leibniz:Kant:,von Hartmann:Solovyov:Ast:Bernays:Krause:Secrétan:Weisse:Carus:Cousin:Esenbeck:Russian Schellingianism:Solger:Hâjdeu:Gadamer:Pareyson:Coleridge:Ravaisson:Van Til:Vogelin:Jung:Grant:Freud:Goethe:Wilber:Deleuze:Žižek:Tillich:da Silva:Kierkegaard:Hegel:Humboldt:Fackenheim:Fichte:Habermas:Peirce:Royce:Heidegger:,/wiki/Friedrich_Schelling,48.80139,9.01306
124,Giuseppe Mazzini,,,Giovanni Gentile:,/wiki/Giuseppe_Mazzini,FILL,FILL
125,Nekrasov,,,Nikolai Chernyshevsky:,/wiki/Nikolay_Nekrasov,FILL,FILL
126,Agrippa the Sceptic, (1st/2nd century),Aenesidemus:Pyrrho:Timon:,Sextus Empiricus:,/wiki/Agrippa_the_Sceptic,FILL,FILL
127,Hans von Campenhausen,,,Wolfhart Pannenberg:,/wiki/Hans_von_Campenhausen,53.72,19.33722
128,Lucretius, (c. 99 – 55 BC),Aristotle:Plato:Gaius Memmius:Socrates:Epicurus:,Pierre Gassendi:Arthur Schopenhauer:Charles Darwin:Stephen Greenblatt:Ovid:Montaigne:Karl Marx:Virgil:Sigmund Freud:Gilles Deleuze:Friedrich Nietzsche:Baruch Spinoza:Cicero:,/wiki/Lucretius,FILL,FILL
129,F. F. Zelinsky,,,Mikhail Bakhtin:,/wiki/Tadeusz_Stefan_Zieli%C5%84ski,FILL,FILL
130,Judith Butler, (born 1956),Jacques Derrida:Michel Foucault:Monique Wittig:Karl Marx:Theodor Adorno:Simone de Beauvoir:Sigmund Freud:Emmanuel Lévinas:Luce Irigaray:J. L. Austin:Jacques Lacan:G. W. F. Hegel:Louis Althusser:Friedrich Nietzsche:Maurice Merleau-Ponty:Gayle Rubin:,Sandy Stone:Jasbir Puar:Susan Stryker:Andrea Smith:Pussy Riot:,/wiki/Judith_Butler,41.48222,-81.66972
131,Leon Brunschvicg, (1869–1944),Arthur Schopenhauer:Immanuel Kant:Michel de Montaigne:René Descartes:Charles Renouvier:Blaise Pascal:,Gaston Bachelard:Louis Lavelle:Jean Cavaillès:Raymond Aron:Alexandre Koyré:,/wiki/Leon_Brunschvicg,48.856613,2.352222
132,Uexküll,,,Gilles Deleuze:,/wiki/Jakob_Johann_von_Uexk%C3%BCll,FILL,FILL
133,Ahad Ha'am,,,Gershom Scholem:,/wiki/Ahad_Ha%27am,FILL,FILL
134,Timon (philosopher), (c. 300 BC),Xenophanes:Pyrrho:Democritus:,Aenesidemus:Sextus Empiricus:,/wiki/Timon_(philosopher),37.846299,22.649131
135,Shakespeare,,,Stanley Cavell:,/wiki/William_Shakespeare,52.19278,-1.70639
136,Francis Parker Yockey, (1917–1960),Joseph de Maistre:Karl Haushofer:Carl Schmitt:Oswald Spengler:Gregor Strasser:Ernst Niekisch:Ernst Jünger:Julius Evola:,H. Keith Thompson:Christian Bouchet:Willis Carto:James H. Madole:,/wiki/Francis_Parker_Yockey,41.88194,-87.62778
137,Peter Lombard, (c. 1100 – 1160),Pseudo-Dionysius:Paul of Tarsus:Avicenna:Hugh of Saint Victor:Peter Abelard:Augustine of Hippo:,William of Ockham:Gabriel Biel:Bonaventure:Albert the Great:Duns Scotus:Thomas Aquinas:,/wiki/Peter_Lombard,45.45,8.617
138,Gesell,,,Maurice Merleau-Ponty:,/wiki/Arnold_Gesell,44.34,-91.92444
139,Damon,,,Socrates:,/wiki/Damon_of_Athens,FILL,FILL
140,John Locke, (1632–1704),Grotius:Filmer:Bacon:Spinoza:Masham:Hobbes:Pufendorf:Descartes:,Berkeley:Jefferson:Voltaire:Hume:Kant:Rousseau:Shaftesbury:,/wiki/John_Locke,51.361,-2.763
141,Keble,,,John Henry Newman:,/wiki/John_Keble,51.708,-1.785
142,Livy,,,Niccolò Machiavelli:,/wiki/Livy,FILL,FILL
143,Emil Fackenheim, (1916–2003),Immanuel Kant:Martin Heidegger:Franz Rosenzweig:G. W. F. Hegel:F. W. J. Schelling:Leo Strauss:Baruch Spinoza:,James Doull:Douglas John Hall:,/wiki/Emil_Fackenheim,51.48278,11.96972
144,Pierre Bayle, (1647–1706),Descartes:Spinoza:,Gibbon:Berkeley:Maupertuis:Toland:Mandeville:Condorcet:Diderot:Voltaire:Vico:des Maizeaux:Hume:Frederick the Great:Jean-Jacques Rousseau:,/wiki/Pierre_Bayle,43.1514,1.3942
145,Hans Vaihinger, (1852–1933),Arthur Schopenhauer:Immanuel Kant:Friedrich Forberg:African Spir:Friedrich Nietzsche:,George Kelly:James Hillman:Alfred Adler:Hans Kelsen:,/wiki/Hans_Vaihinger,48.4312,9.069516
146,Porphyry (philosopher), (c. 232 – c. 304),Plotinus:Aristotle:Plato:Middle Platonism:,Isagoge:Neoplatonism:Sossianus Hierocles:Aristotelianism:Boethius:Scholasticism:,/wiki/Porphyry_(philosopher),33.27083,35.19611
147,Moltzer,,,Carl Jung:,/wiki/Maria_Moltzer,52.367,4.9
148,Kaspar von Schwenkfeld,,,Jakob Böhme:,/wiki/Caspar_Schwenckfeld,FILL,FILL
149,Jeremy Bentham, (1748–1832),Helvétius:Beccaria:Montesquieu:Adam Smith:Protagoras:John Locke:Hobbes:David Hume:Epicurus:,A. V. Dicey:Henry Sidgwick:Étienne Dumont:Michel Foucault:William Thompson:Francis Y. Edgeworth:John Stuart Mill:Robert Owen:Peter Singer:John Austin:H. L. A. Hart:Thomas Hodgskin:,/wiki/Jeremy_Bentham,51.50722,-0.1275
150,Thomas Young,,,Albert Einstein:,/wiki/Thomas_Young_(scientist),51.0221,-3.2489
151,Guttmann,,,Leo Strauss:,/wiki/Julius_Guttmann,FILL,FILL
152,Georg Lukács, (1885–1971),Immanuel Kant:Max Weber:Søren Kierkegaard:Wilhelm Dilthey:Friedrich Engels:Emil Lask:Georges Sorel:Karl Marx:Rosa Luxemburg:Georg Simmel:Vladimir Lenin:G. W. F. Hegel:,Costanzo Preve:Karl Polanyi:The Budapest School:Richard D. Wolff:Fredric Jameson:Imre Lakatos:Guy Debord:Leszek Kołakowski:Tom Rockmore:Sandra Harding:Lucien Goldmann:Karel Kosík:The Praxis School:Andrew Arato:Cornelius Castoriadis:Moishe Postone:The Frankfurt School:Walter Benjamin:Jean-Paul Sartre:,/wiki/Georg_Luk%C3%A1cs,47.4925,19.05139
153,C. L. R. James,,,Cornelius Castoriadis:,/wiki/C._L._R._James,10.633,-61.383
154,Book of Rites,,,Confucius:,/wiki/Book_of_Rites,FILL,FILL
155,Thomas Aquinas, (1225–1274),St. Paul:Aristotle:Anselm of Canterbury:Plato:Pseudo-Dionysius:Albertus Magnus:Averroes:Socrates:Cicero:Boethius:Al-Ghazali:Avicenna:Maimonides:Augustine of Hippo:,Western philosophy:Catholic theology:Protestant theology:,/wiki/Thomas_Aquinas,FILL,FILL
156,Afrikan Spir, (1837–1890),Descartes:Immanuel Kant:David Hume:J. S. Mill:,Gerardus Heymans:Leo Tolstoy:William James:Hans Vaihinger:Rudolf Steiner:Piero Martinetti:Max Müller:Friedrich Nietzsche:,/wiki/Afrikan_Spir,48.5,32.26667
157,Plotinus, (died 270),Numenius of Apamea:Aristotle:Plato:Middle Platonism:Heraclitus:Alexander of Aphrodisias:Ammonius Saccas:Empedocles:Neopythagoreanism:,Proclus:Simplicius:Christianity:Hierocles:Gemistus Pletho:Porphyry:Avicenna:Augustine:Pseudo-Dionysius:Damascius:Iamblichus:Origen:Henri Bergson:Johannes Scotus Eriugena:Arthur Schopenhauer:Renaissance Platonism:Arthur Drews:Traditionalist School:al-Kindi:Gnosticism:Boethius:Hypatia:Bonaventure:Julian:,/wiki/Plotinus,27.183,31.167
158,Cleanthes, (301–232 BC),Zeno of Citium:,Chrysippus:Sphaerus:,/wiki/Cleanthes,39.48778,26.33694
159,Abu al-Hasan al-Ash'ari,,,Fakhr al-Din al-Razi:,/wiki/Al-Ash%27ari,30.5,47.817
160,Jose Ferrater-Mora, (1912–1991),Jose Ortega y Gasset:Eugeni d'Ors:Miguel de Unamuno:Joaquín Xirau Palau:,Oscar Horta:,/wiki/Jose_Ferrater-Mora,41.383,2.183
161,James Ward (psychologist), (1843–1925),F. H. Bradley:,G. E. Moore:,/wiki/James_Ward_(psychologist),53.74444,-0.3325
162,Karl Rahner, (1904–1984),neo-Thomism:Immanuel Kant:Erich Przywara:Martin Heidegger:Joseph Maréchal:Ignatius of Loyola:Origen:Ludwig Feuerbach:Thomas Aquinas:Augustine of Hippo:,Tomas Halik:Herbert Vorgrimler:Kathryn Tanner:Catherine LaCugna:Francis A. Sullivan:Johann Baptist Metz:Jon Sobrino:,/wiki/Karl_Rahner,47.995,7.85
163,Christoph Gottfried Bardili,,,Karl Leonhard Reinhold:,/wiki/Christoph_Gottfried_Bardili,FILL,FILL
164,Aristophanes,,,Leo Strauss:,/wiki/Aristophanes,37.97,23.72
165,Neoplatonism,,,Avicenna:,/wiki/Neoplatonism,FILL,FILL
166,Johannes Scotus Eriugena, (c. 800–c. 880),Plato:St. Maximus the Confessor:St. Augustine of Hippo:Origen:Dionysius the Areopagite:Boethius:Cappadocian Fathers:,Berengar of Tours:School of Chartres:Nicholas of Cusa:St. Hildegard von Bingen:Honorius of Autun:Alain de Lille:St. Bernard of Clairvaux:Amaury of Bene:Georg Wilhelm Friedrich Hegel:Bernardus Silvestris:St. Thomas Aquinas:Israel the Grammarian:Peter Damian:,/wiki/Johannes_Scotus_Eriugena,FILL,FILL
167,Michel Foucault, (1926–1984),Klages:Hyppolite:Merleau-Ponty:Dumézil:Sade:Kant:Lagache:Canguilhem:Bataille:Barthes:Montaigne:Althusser:Bachelard:Freud:Deleuze:Nietzsche:Hegel:Marx:Artaud:Goffman:Blanchot:Heidegger:,Giorgio Agamben:Judith Butler:Stephen Greenblatt:David Halperin:Jacques Rancière:Edward Said:Pierre Bourdieu:Paul Rabinow:Gilles Deleuze:Félix Guattari:Hubert Dreyfus:Talal Asad:Saba Mahmood:,/wiki/Michel_Foucault,46.58,0.34
168,Bichat,,,Auguste Comte:,/wiki/Xavier_Bichat,46.2719,5.5333
169,Jacob Moleschott, (1822–1893),,Ivan Pavlov:,/wiki/Jacob_Moleschott,51.683,5.3
170,Daub,,,Ludwig Andreas Feuerbach:,/wiki/Karl_Daub,FILL,FILL
171,Socrates, (470–399 BC),Diotima:Archelaus:Anaxagoras:Damon:Prodicus:,Euclid of Megara:Plato:Phaedo of Elis:Aristippus:Xenophon:Western philosophy:Antisthenes:,/wiki/Socrates,FILL,FILL
172,Richard Dawkins,,,Daniel Dennett:,/wiki/Richard_Dawkins,-1.28639,36.81722
173,Edmund Schlink,,,Wolfhart Pannenberg:,/wiki/Edmund_Schlink,FILL,FILL
174,C. D. Broad, (1887–1971),G. E. Moore:Alfred North Whitehead:William Ernest Johnson:Bertrand Russell:John Locke:,A. J. Ayer:,/wiki/C._D._Broad,51.536,-0.248
175,Evangelista Torricelli,,,Robert Boyle:,/wiki/Evangelista_Torricelli,41.883,12.5
176,Irenaeus,,,John Hick:,/wiki/Irenaeus,FILL,FILL
177,August Böckh,,,Wilhelm Dilthey:,/wiki/August_B%C3%B6ckh,49.0092097,8.4039514
178,Johannes Trithemius,,,Paracelsus:,/wiki/Johannes_Trithemius,49.82583,6.90056
179,Bertrand Russell, (1872–1970),Moore:Stout:Shelley:James:Spinoza:Hume:Boole:Leibniz:De Morgan:Cantor:Sidgwick:Frege:Mill:Ward:Mach:Santayana:Euclid:Kant:Meinong:Whitehead:Peano:Wittgenstein:,Stephen Hawking:Jacob Bronowski:Robert Oppenheimer:Herbert A. Simon:Txillardegi:A. C. Grayling:Richard Dawkins:Moritz Schlick:Christopher Hitchens:Michael Albert:Paul Kurtz:Joseph Rotblat:Frank Wilczek:Alfred Tarski:Vienna Circle:Colin McGinn:John von Neumann:G. H. Hardy:Jawaharlal Nehru:Isaac Asimov:Donald Davidson:Aleksandr Solzhenitsyn:Marvin Minsky:Buckminster Fuller:A. J. Ayer:Kurt Grelling:John Maynard Keynes:Noam Chomsky:Sidney Hook:Che Guevara:Kurt Gödel:Nathan Salmon:Isaiah Berlin:Rudolf Carnap:Leon Chwistek:Andrei Sakharov:Ray Kurzweil:Karl Popper:Saul Kripke:Martin Gardner:Pervez Hoodbhoy:W. V. Quine:Hilary Putnam:Norbert Wiener:Albert Ellis:Alan Turing:James Joyce:Frank P. Ramsey:Bernard Williams:Thomas Kuhn:Ludwig Wittgenstein:Kurt Vonnegut:John Searle:Edward Said:Daniel Dennett:Carl Sagan:J. L. Austin:Tariq Ali:B. F. Skinner:,/wiki/Bertrand_Russell,51.74506,-2.7256
180,Claude Lévi-Strauss, (1908–2009),Hegel:Durkheim:Mauss:Saussure:Radcliffe-Brown:Morgan:Jakobson:Boas:Rousseau:,Lacan:Barthes:Leach:Bourdieu:Althusser:Derrida:Deleuze and Guattari:Descola:Clément:,/wiki/Claude_L%C3%A9vi-Strauss,50.85,4.35
181,Thomas Schelling,,,David Lewis (philosopher):,/wiki/Thomas_Schelling,37.80444,-122.27083
182,Protagoras, (c. 481 – 420 BC),Parmenides:Anaxagoras:Democritus:,Jeremy Bentham:Friedrich Nietzsche:F.C.S. Schiller:Plato:,/wiki/Protagoras,40.933,24.967
183,Joseph Joubert,,,Emil Cioran:,/wiki/Joseph_Joubert,FILL,FILL
184,J. A. Smith,,,R. G. Collingwood:,/wiki/John_Alexander_Smith,57.597,-4.428
185,"Anthony Ashley-Cooper, 3rd Earl of Shaftesbury", (1671–1713),John Locke:Damaris Cudworth Masham:,Thomas Blackwell:Thomas Jefferson:,"/wiki/Anthony_Ashley-Cooper,_3rd_Earl_of_Shaftesbury",51.50722,-0.1275
186,Pythagoreanism,,,Empedocles:,/wiki/Pythagoreanism,FILL,FILL
187,Martin Heidegger, (1889–1976),Thomas of Erfurt:Hölderlin:Hartmann:Parmenides:Jakob von Uexküll:Rickert:Augustine:Aristotle:Husserl:Laozi:Kant:Duns Scotus:Dilthey:Plato:Aquinas:Heraclitus:Jaspers:Lask:Count Yorck:Kierkegaard:Hegel:Nietzsche:Brentano:Anaximander:,Marcel:Bultmann:Levinas:Borgmann:Harman:Patočka:Merleau-Ponty:Zubiri:Löwith:Strauss:Marcuse:Marion:Arendt:Gadamer:Dreyfus:El-Bizri:Kuki:Sloterdijk:Beaufret:Schürmann:Jonas:Derrida:Sartre:Agamben:Jaspers:Foucault:Norberg-Schulz:Rahner:Stiegler:Dugin:Habermas:Nancy:Blanchot:Rorty:Meillassoux:de Beauvoir:,/wiki/Martin_Heidegger,47.99278,9.1125
188,Talmud,,,Maimonides:,/wiki/Talmud,FILL,FILL
189,Edmund Burke, (1729–1797),Rockingham:Aristotle:Sir William Blackstone:Montesquieu:John Fisher:Michel de Montaigne:René Descartes:Thomas More:Edward Coke:John Selden:Cicero:John Milton:Saint Augustine:David Hume:Erasmus:Hugo Grotius:Joseph Butler:Thomas Aquinas:,Thomas Carlyle:Lord Acton:Slobodan Jovanović:William Hazlitt:William F Buckley:G. K. Chesterton:Samuel Taylor Coleridge:John Stuart Mill:John Maynard Keynes:Joseph de Maistre:Warren H. Carroll:William Wordsworth:Friedrich Hayek:Immanuel Kant:Russell Kirk:Alexis de Tocqueville:Hilaire Belloc:William Ewart Gladstone:John Henry Newman:Adam Smith:Thomas Babington Macaulay:C. H. Douglas:,/wiki/Edmund_Burke,FILL,FILL
190,Thomas Bayes,,,Richard C. Jeffrey:,/wiki/Thomas_Bayes,51.50722,-0.1275
191,Euclid,,,Adelard of Bath:,/wiki/Euclid,FILL,FILL
192,Francisco Sanches, (1551–1623),Sextus Empiricus:,Modern Philosophy:Pierre Bayle:,/wiki/Francisco_Sanches,42.04806,-8.64444
193,Georg Simmel, (1858–1918),Immanuel Kant:Max Weber:,Lewis A. Coser:Max Weber:Harrison White:Mark Granovetter:Emil Cioran:Georg Lukács:Barry Wellman:,/wiki/Georg_Simmel,52.52,13.405
194,György Mihály Vajda, (born 1935),György Lukács:,Andrew Arato:,/wiki/Gy%C3%B6rgy_Mih%C3%A1ly_Vajda,47.4925,19.05139
195,Maximilien Robespierre,,,Karl Marx:,/wiki/Maximilien_Robespierre,FILL,FILL
196,Mary Daly,,,Claudia Card:,/wiki/Mary_Daly,42.81417,-73.93722
197,Attalus,,,Seneca the Younger:,/wiki/Attalus_(Stoic),FILL,FILL
198,Ibn Abi Zar,,,Ibn Khaldun:,/wiki/Ibn_Abi_Zar,FILL,FILL
199,Ibn Qasi,,,Ibn Arabi:,/wiki/Abu-l-Qasim_Ahmad_ibn_al-Husayn_ibn_Qasi,FILL,FILL
200,Tabataba'i,,,Henry Corbin:,/wiki/Muhammad_Husayn_Tabatabai,38.067,46.3
201,Alexander Gottlieb Baumgarten, (1714–1762),Christian Wolff:Gottfried Leibniz:,Immanuel Kant:Johann Joachim Winckelmann:Georg Friedrich Meier:Johann Georg Sulzer:,/wiki/Alexander_Gottlieb_Baumgarten,52.52,13.405
202,Bessarion, (1403–1472),Gemistus Pletho:,John Argyropoulos:George of Trebizond:Theodore Gaza:Janus Lascaris:Regiomontanus:,/wiki/Bessarion,FILL,FILL
203,Joel Feinberg, (1926–2004),Ralph Barton Perry:John Stuart Mill:H.L.A. Hart:,Jules Coleman:,/wiki/Joel_Feinberg,42.33139,-83.04583
204,Augustine of Hippo, (354–430),Cyprian:Sallust:Lucan:Lactantius:Hilary of Poitiers:Socrates:Optatus:Anthony:Quintilian:Aristotle:Arnobius:Terence:Virgil:Monica:Ambrose:Cicero:Ticonius:Plato:Seneca the Younger:Stoicism:Plotinus:Paul:Horace:Victorinus:Ambrosiaster:Anaximander:,Western philosophy:Catholic theology:Protestant theology:,/wiki/Augustine_of_Hippo,FILL,FILL
205,Teichmüller,,,Rudolf Christoph Eucken:,/wiki/Gustav_Teichm%C3%BCller,52.267,10.517
206,Walter Benjamin, (1892–1940),Eric Gutkind:Kabbalah:Buber:Marx:Hölderlin:Brecht:Strauss:Bachofen:Novalis:Ludwig Klages:Rickert:Baudelaire:Lukács:Proust:Scholem:Kafka:Adorno:,Perret:Löwy:Derrida:Arendt:Sontag:Agamben:Nirenberg:Scholem:Taussig:Buck-Morss:Žižek:Adorno:,/wiki/Walter_Benjamin,52.52,13.405
207,Johann Georg Hamann, (1730–1788),Knutzen:Luther:Hume:William of Ockham:Henry VIII:Calvin:,Kierkegaard:Hegel:Jacobi:Kraus:Herder:Schelling:Milbank:Berlin:Wittgenstein:Goethe:,/wiki/Johann_Georg_Hamann,54.71667,20.51667
208,Maurras,,,Maurice Blanchot:,/wiki/Charles_Maurras,43.4053,5.0475
209,Mikhail Bakhtin, (1895–1975),Immanuel Kant:Fyodor Dostoyevsky:Søren Kierkegaard:Charles Darwin:Max Scheler:Ernst Cassirer:Karl Marx:Sigmund Freud:F. F. Zelinsky:Hermann Cohen:Friedrich Nietzsche:,Tzvetan Todorov:Julia Kristeva:,/wiki/Mikhail_Bakhtin,52.96861,36.06944
210,Amerigo Vespucci,,,Thomas More:,/wiki/Amerigo_Vespucci,43.783,11.25
211,Edgar S. Brightman, (1884–1953),William Ernest Hocking:Borden Parker Bowne:,L. Harold DeWolf:,/wiki/Edgar_S._Brightman,42.155,-71.00917
212,György Márkus,,,Ágnes Heller:,/wiki/Gy%C3%B6rgy_M%C3%A1rkus,47.4925,19.05139
213,Timothy Williamson, (born 1955),,Jason Stanley:John Hawthorne:,/wiki/Timothy_Williamson,59.85806,17.64472
214,Avicennism,,,Ibn Tufail:,/wiki/Avicennism,FILL,FILL
215,Xavier Zubiri, (1889–1983),Hegel:Aristotle:Suárez:Aquinas:Husserl: Ortega y Gasset:Leibniz:Kant:Heidegger:,Graham Harman:Enrique Dussel:Olavo de Carvalho:Frederick Wilhelmsen:Ignacio Ellacuría:,/wiki/Xavier_Zubiri,43.32139,-1.98556
216,Stanley Cavell, (1926–2018),Kierkegaard:Nietzsche:Thoreau:Emerson:Austin:Robert Warshow:Roger Sessions:Jean Renoir:Shakespeare:Thomas Kuhn:André Bazin:Northrop Frye:Rogers Albritton:Freud:Wittgenstein:Claude Esteban:Heidegger:,Robert Gardner:Rae Langton:Toril Moi:Stephen Mulhall:Michael Fried:Nikolas Kompridis:Sandra Laugier:Marc Shell:Nancy Bauer:David Macarthur:Arnold Davidson:Cornel West:Barbara Herman:Shoshana Felman:James F. Conant:Alice Crary:Claude Esteban:Arnaud Desplechin:Jay Cantor:Charles Bernstein:Terrence Malick:Hilary Putnam:Ross McElwee:Paul Guyer:Bernard Williams:Thomas Kuhn:Cora Diamond:Hent de Vries:Paul W. Franks:Vicki Hearne:,/wiki/Stanley_Cavell,33.74889,-84.39
217,John Wycliffe,,,Jan Hus:,/wiki/John_Wycliffe,54.38,-1.719
218,Alasdair MacIntyre, (born 1929),Aristotle:Imre Lakatos:Søren Kierkegaard:John Henry Newman:Edith Stein:Thomas Kuhn:G. E. M. Anscombe:Karl Barth:Karl Marx:Ludwig Wittgenstein:Friedrich Nietzsche:G. W. F. Hegel:Thomas Aquinas:R. G. Collingwood:Augustine of Hippo:,radical orthodoxy:Stanley Hauerwas:Christian Smith:postliberal theology:Edward Feser:,/wiki/Alasdair_MacIntyre,55.860916,-4.251433
219,Shklar,,,John Rawls:,/wiki/Judith_N._Shklar,56.94889,24.10639
220,Stekel,,,Jean-Paul Sartre:,/wiki/Wilhelm_Stekel,48.267,26.133
221,Kuno Fischer, (1824–1907),Immanuel Kant:G. W. F. Hegel:,Wilhelm Windelband:Gottlob Frege:John Pentland Mahaffy:,/wiki/Kuno_Fischer,51.667,16.55
222,Beccaria,,,Jeremy Bentham:,/wiki/Cesare_Beccaria,45.46694,9.19
223,Yang,,,Max Stirner:,/wiki/Yang_Zhu,FILL,FILL
224,Richard B. Brandt, (1910–1997),,Peter Railton:Allan Gibbard:,/wiki/Richard_B._Brandt,39.44583,-83.82917
225,Stephen Stich, (born 1944),Gilbert Harman:W. V. O. Quine:Nelson Goodman:,Shaun Nichols:Ron Mallon:,/wiki/Stephen_Stich,FILL,FILL
226,Nikolai Berdyaev, (1874–1948),Nietzsche:Solovyov:Baader:Hegel:Sergey Bulgakov:Seraphim of Sarov:Khomyakov:Lev Shestov:Semyon Frank:Dostoyevsky:Leontiev:Böhme:Kant:,Ellul:Marcel:Sergey Bulgakov:Mortimer J. Adler:Kroner:Huxley:Watts:Džalto:Semyon Frank:Ivan Devčić:Maurin:,/wiki/Nikolai_Berdyaev,50.13,30.65667
227,Émile Boutroux,,,Maurice Blondel:,/wiki/%C3%89mile_Boutroux,48.8172,2.3219
228,Jean Hyppolite, (1907–1968),Jean Cavaillès:Karl Marx:Georg Wilhelm Friedrich Hegel:,Jacques Derrida:Michel Foucault:Alain Badiou:Gilles Deleuze:Étienne Balibar:Gérard Granel:,/wiki/Jean_Hyppolite,45.4467,-0.4336
229,Hermann Cohen, (1842–1918),Friedrich Albert Lange:Friedrich Adolf Trendelenburg:,Ernst Cassirer:Henry E. Allison:Paul Natorp:Leo Strauss:Peter Strawson:Martin Buber:,/wiki/Hermann_Cohen,51.883,12.433
230,Maxie Clarence Maultsby Jr.,,,B. F. Skinner:,/wiki/Maxie_Clarence_Maultsby_Jr.,30.433,-87.2
231,Jacobus Golius,,,René Descartes:,/wiki/Jacobus_Golius,FILL,FILL
232,Neo-Kantianism,,,Leonard Nelson:,/wiki/Neo-Kantianism,FILL,FILL
233,Marcel Mauss,,,Georges Bataille:,/wiki/Marcel_Mauss,48.1744,6.4512
234,Abraham,,,Søren Kierkegaard:,/wiki/Abraham,FILL,FILL
235,Ernst Mally, (1879–1944),Louis Couturat:Ernst Schröder:Alexius Meinong:,Edward N. Zalta:,/wiki/Ernst_Mally,46.233,14.367
236,Jean Piaget, (1896–1980),Immanuel Kant:Pierre Janet:Alfred Binet:Théodore Simon:James Mark Baldwin:Henri Bergson:Carl Jung:Sabina Spielrein:,Howard Gardner:Robert Kegan:John Flavell:Seymour Papert:Thomas Kuhn:Yann LeCun:Shlomo Wolbe:Lev Vygotsky:Jerome Bruner:Jordan Peterson:Bärbel Inhelder:Kenneth Kaye:Lawrence Kohlberg:,/wiki/Jean_Piaget,47.0,6.933
237,Horace W. B. Joseph,,,Brand Blanshard:,/wiki/H._W._B._Joseph,FILL,FILL
238,Frederic Fitch,,,Nuel Belnap:,/wiki/Frederic_Fitch,FILL,FILL
239,Susan Griffin,,,Claudia Card:,/wiki/Susan_Griffin,34.05,-118.25
240,Nicos Poulantzas, (1936–1979),Leon Trotsky:Eurocommunism:Karl Marx:Vladimir Lenin:Rosa Luxemburg:Evgeny Pashukanis:Louis Althusser:Jean-Paul Sartre:Antonio Gramsci:,John Holloway:James C. Scott:Bob Jessop:,/wiki/Nicos_Poulantzas,37.98417,23.72806
241,Alfred Bray Kempe,,,Josiah Royce:,/wiki/Alfred_Kempe,51.5,-0.19
242,Nikolai Chernyshevsky, (1828–1889),Mill:Fourier:Hegel:Sechenov:Proudhon:Belinsky:Feuerbach:Blanc:Comte:Nekrasov:Schelling:Malthus:Herzen:Considérant:Ricardo:Smith:Rousseau:Lamarck:,Antonovich:Pisarev:Dobrolyubov:Lenin:Tkachev:Russian Marxists:Mikhaylovsky:Marković:Nechayev:Lavrov:Kropotkin:Plekhanov:Goldman:,/wiki/Nikolai_Chernyshevsky,51.533,46.017
243,Abdul Qadir Gilani,,,Ibn Taymiya:,/wiki/Abdul_Qadir_Gilani,37.2774,49.589
244,Basil of Caesarea,,,John of Damascus:,/wiki/Basil_of_Caesarea,FILL,FILL
245,Heine,,,Lev Shestov:,/wiki/Heinrich_Heine,FILL,FILL
246,Watsuji Tetsuro, (1889–1960),Kierkegaard:Hegel:Aristotle:Nietzsche:Kyoto School:Nishida:Sōseki:Confusius:Heidegger:,Yuasa:Berque:Umehara:Nakamura:,/wiki/Watsuji_Tetsuro,34.817,134.683
247,David Kaplan (philosopher), (born 1933),Rudolf Carnap:Alonzo Church:Saul Kripke:Richard Montague:Bertrand Russell:Gottlob Frege:,Nathan Salmon:C. Anthony Anderson:John Perry (philosopher):,/wiki/David_Kaplan_(philosopher),FILL,FILL
248,Harold Arthur Prichard,,,J. L. Austin:,/wiki/H._A._Prichard,51.50722,-0.1275
249,Enlightenment,,,Aristotle:,/wiki/Age_of_Enlightenment,FILL,FILL
250,Thorstein Veblen,,,Jean Baudrillard:,/wiki/Thorstein_Veblen,44.10333,-87.85778
251,Kyoto School,,,Watsuji Tetsuro:,/wiki/Kyoto_School,FILL,FILL
252,Feuerbach,,,Mikhail Bakunin:,/wiki/Ludwig_Feuerbach,48.53972,12.15083
253,Gianni Vattimo, (born 1936),John Caputo:Luigi Pareyson:Martin Heidegger:Karl Marx:Hans-Georg Gadamer:Karl Löwith:Friedrich Nietzsche:Richard Rorty:,Mario Kopić:Lorenzo Ferrero:Richard Rorty:Stefan Lorenz Sorgner:Maurizio Ferraris:,/wiki/Gianni_Vattimo,45.07917,7.67611
254,Weierstrass,,,Edmund Husserl:,/wiki/Karl_Weierstrass,51.83667,8.02556
255,Durandus of Saint-Pourçain,,,William of Ockham:,/wiki/Durandus_of_Saint-Pour%C3%A7ain,FILL,FILL
256,Abel Rey,,,Gaston Bachelard:,/wiki/Abel_Rey,FILL,FILL
257,Rachel Carson,,,Arne Næss:,/wiki/Rachel_Carson,FILL,FILL
258,Pollock,,,Max Horkheimer:,/wiki/Friedrich_Pollock,FILL,FILL
259,Campbell,,,Karl Popper:,/wiki/Donald_T._Campbell,42.25111,-84.20889
260,Michael Oakeshott, (1901–1990),Dilthey:Hegel:Aristotle:Tönnies:Simmel:Plato:Burke:Bradley:Pater:Hobbes:Spinoza:Kant:Collingwood:,Andrew Sullivan:Maurice Cowling:Richard E. Flathman:J. G. A. Pocock:Gertrude Himmelfarb:Hayden White:Margaret Thatcher:John N. Gray:Leo Strauss:,/wiki/Michael_Oakeshott,51.358155,0.1278
261,William of Ockham, (c. 1285–1349),Petrus Aureolus:Aristotle:Anselm of Canterbury:Duns Scotus:Henry Harclay:Durandus of Saint-Pourçain:Peter Abelard:Thomas Aquinas:,John Wycliffe:Thomas Hobbes:Gabriel Biel:Martin Luther:Jean Buridan:John Calvin:René Descartes:Gregory of Rimini:Bertrand Russell:Albert of Saxony:Henry VIII:Adam de Wodeham:,/wiki/William_of_Ockham,51.298,-0.461
262,Gustave Flaubert,,,Avital Ronell:,/wiki/Gustave_Flaubert,FILL,FILL
263,Maurice Blanchot, (1907–2003),Nietzsche:Lautréamont:Bataille:Levinas:Hölderlin:Sade:Maurras:Mallarmé:Heidegger:Kafka:,de Man:Barthes:Joris:Auster:Kofman:Hill:Derrida:Beckett:Nancy:Foucault:Deleuze:Kopić:,/wiki/Maurice_Blanchot,46.7636,5.1589
264,Desiderius Erasmus, (1466–1536),Augustine of Hippo:Aristotle:Jerome:Plato:Epicureanism:Giovanni Pico della Mirandola:John Colet:Alexander Hegius:Jan Standonck:Socrates:Thomas Aquinas:Dante:Cicero:,John Milton:John Calvin:St. Francis De Sales:Huldrych Zwingli:St. Philip Neri:Jacob Milich:St. Charles Borromeo:St. John Fisher:St. Ignatius of Loyola:St. Francis Xavier:St. Teresa of Ávila:William Tyndale:St. Pius V:Martin Luther:St. John Henry Newman:John Colet:St. Peter Canisius:St. Thomas More:Wolfgang Capito:Henry VIII:St. Robert Bellarmine:,/wiki/Desiderius_Erasmus,51.917,4.5
265,Henry Sidgwick, (1838–1900),John Stuart Mill:David Hume:Jeremy Bentham:,J. J. C. Smart:Derek Parfit:R. M. Hare:Mordecai Kaplan:Alfred Marshall:G. E. Moore:Hastings Rashdall:Bertrand Russell:John Rawls:Arthur Cecil Pigou:Peter Singer:,/wiki/Henry_Sidgwick,53.962529,-2.016305
266,Max Picard,,,Gaston Bachelard:,/wiki/Max_Picard,FILL,FILL
267,Ian Hacking, (born 1936),J. L. Austin:Michel Foucault:Thomas Kuhn:Paul Feyerabend:Ludwig Wittgenstein:Charles Sanders Peirce:Casimir Lewy:Nelson Goodman:,David Papineau:,/wiki/Ian_Hacking,49.26083,-123.11389
268,Gerhard von Rad,,,Wolfhart Pannenberg:,/wiki/Gerhard_von_Rad,49.45389,11.0775
269,"Charles de Secondat, Baron de Montesquieu", (1689–1755),Aristotle:Thomas Hobbes:18th-century English constitution:René Descartes:John Locke:Nicolas Malebranche:Jean Bodin:Polybius:Cicero:,Edmund Burke:United States Constitution:G.W.F. Hegel:Émile Durkheim:Jean de Sismondi:Hannah Arendt:Prosper de Barante:Adam Ferguson:Thomas Paine:Alexis de Tocqueville:David Hume:Rousseau:,"/wiki/Charles_de_Secondat,_Baron_de_Montesquieu",44.67917,-0.544361
270,Ursula K. Le Guin,,,Fredric Jameson:,/wiki/Ursula_K._Le_Guin,FILL,FILL
271,Immanuel Kant, (1724–1804),Crusius:Aristotle:Plato:Locke:Baumgarten:Wolff:Empiricus:Lucretius:Hamann:Newton:Swedenborg:Euclid:Leibniz:Rousseau:Tetens:Hume:Smith:Descartes:,Herder:Zeller:Beck:Larijani:Maimon:Guyer:Spir:Frege:Rawls:Bolzano:Schelling:Schlegel:Beneke:Carnap:Popper:Jaspers:Western philosophy:Reinhold:Hegel:Jacobi:Fichte:Habermas:Peirce:Schleiermacher:Heidegger:Schopenhauer:,/wiki/Immanuel_Kant,54.71667,20.51667
272,Altmann,,,Leo Strauss:,/wiki/Alexander_Altmann,FILL,FILL
273,Lysander Spooner, (1808–1887),Proudhon:Warren:Greene:Andrews:Tucker:,Rothbard:Barnett:,/wiki/Lysander_Spooner,FILL,FILL
274,Adam Smith, (1723–1790),Aristotle:Locke:Burke:Hutcheson:Mandeville:Cantillon:Quesnay:Hume:,Keynes:Say:Proudhon:Sowell:Mises:Mill:Nash:Rand:Bastiat:George:Rothbard:Chomsky:Krugman:Ricardo:Sieyès:Hegel:Sismondi:Marx:Friedman:Comte:Malthus:Hodgskin:Hayek:Saint-Simon:,/wiki/Adam_Smith,56.11073,-3.16737
275,Petar II Petrović-Njegoš, (1813–1851),Pushkin:Danilo I:Milton:Hesiod:Byron:Sarajlija:Serbian epic poetry:Homer:Dante:,Young Bosnia:Radičević:Kiš:Brković:Brajković:Ljubiša:Andrić:Serbian epic poetry:Skerlić:Djilas:Sekulić:Mažuranić:S. Ćorović:M. Miljanov:Kostić:Bećković:Simonović:Nikola I:Jakšić:Ilić:Gaćinović:Amfilohije:Crnjanski:Velimirović:Princip:Ljubibratić:,/wiki/Petar_II_Petrovi%C4%87-Njego%C5%A1,42.4331,18.8283
276,Francis Bacon, (1561–1626),Aristotle:Paracelsus:Telesio:Plato:Biringuccio:Roger Bacon:William Gilbert:Michel de Montaigne:Palissy:Machiavelli:Cicero:,Feliks Koneczny:Thomas Hobbes:Isaac Newton:John Locke:Voltaire:Thomas Jefferson:Basil Montagu:Robert Boyle:Encyclopédistes:Jean-Jacques Rousseau:William Petty:,/wiki/Francis_Bacon,FILL,FILL
277,Paul Gerhard Natorp, (1854–1924),Hermann Cohen:Ernst Laas:,José Ortega y Gasset:Rabindranath Tagore:Edmund Husserl:Ernst Cassirer:Martin Heidegger:Karl Barth:Hans-Georg Gadamer:,/wiki/Paul_Gerhard_Natorp,51.233,6.783
278,Mary Moody Emerson,,,Ralph Waldo Emerson:,/wiki/Mary_Moody_Emerson,FILL,FILL
279,von Hellwald,,,Friedrich Nietzsche:,/wiki/Friedrich_von_Hellwald,FILL,FILL
280,al-Hallaj,,,Ibn Sabin:,/wiki/Al-Hallaj,29.625,52.53167
281,Samuel Pufendorf, (1632–1694),René Descartes:Hugo Grotius:Erhard Weigel:Thomas Hobbes:,Christian Thomasius:,/wiki/Samuel_Pufendorf,50.61667,12.8
282,John Anderson (philosopher), (1893–1962),Henry Jones:G. E. Moore:Heraclitus:Bertrand Russell:Samuel Alexander:,John Passmore:David Stove:Hedley Bull:J. L. Mackie:A. J. Baker:Eugene Kamenka:David Armstrong:,/wiki/John_Anderson_(philosopher),55.69683,-3.98239
283,New Testament,,,Hildegard of Bingen:,/wiki/New_Testament,FILL,FILL
284,Paul Churchland, (born 1942),Patricia Churchland:Karl Popper:Thomas Kuhn:Paul Feyerabend:Wilfred Sellars:W. V. O. Quine:,Ray Brassier:Patricia Churchland:,/wiki/Paul_Churchland,49.26083,-123.11389
285,Friedrich Nietzsche, (1844–1900),Hölderlin:Herder:Parmenides:Shakespeare:Sainte-Beuve:Mainländer:Sophocles:Socrates:Herzen:Dostoyevsky:Bourget:Spinoza:Spir:Milesian School:Machiavelli:Mill:Aeschylus:Rée:Ortlepp:Euripides:Diogenes Laërtius:Zoroaster:Strauss:von Hellwald:Wagner:Renan:Baudelaire:Hesiod:Kant:Teichmüller:Plato:Stendhal:Montaigne:Heraclitus:Feuerbach:Darwin:Cervantes:Goethe:Epicurus:Pindar:Thucydides:Homer:Maupassant:Bahnsen:Hegel:Spencer:Theognis of Megara:Emerson:Lange:Burckhardt:Archilochus:Xenophon:French Moralists:Schopenhauer:,Auden:Unamuno:Hesse:Ricœur:Spengler:Strindberg:Hamsun:Asad:Klossowski:Sarah Kofman:Adorno:Cioran:Tönnies:Weizmann:Rand:Brandes:Strauss:Campbell:Willard:Mencken:Camus:Proust:Bataille:Buber:Unger:Shestov:Steiner:Derrida:Jung:Malraux:Sartre:Stevens:Iqbal:Foucault:Malaka:Yeats:Deleuze:Nehamas:Rogers:Kaufmann:MacIntyre:Tillich:Adler:Castoriadis:Blanchot:Mann:Heidegger:Weber:,/wiki/Friedrich_Nietzsche,51.24083,12.11611
286,Robert Warshow,,,Stanley Cavell:,/wiki/Robert_Warshow,FILL,FILL
287,John Cook Wilson, (1849–1915),T. H. Green:,W. D. Ross:H. A. Prichard:,/wiki/John_Cook_Wilson,52.95,-1.15
288,Christian Jakob Kraus,,,Jakob Sigismund Beck:,/wiki/Christian_Jakob_Kraus,53.7,19.967
289,Ticonius,,,Augustine of Hippo:,/wiki/Ticonius,FILL,FILL
290,Fernando Pessoa,,,Alain Badiou:,/wiki/Fernando_Pessoa,FILL,FILL
291,Carl Gustav Hempel, (1905–1997),Rudolf Carnap:Hans Reichenbach:,Lawrence Sklar:Philip Kitcher:Wesley C. Salmon:Richard Jeffrey:John Earman:Robert Nozick:Jaegwon Kim:Peter Achinstein:Nelson Goodman:,/wiki/Carl_Gustav_Hempel,52.75444,13.23694
292,Rockingham,,,Edmund Burke:,"/wiki/Charles_Watson-Wentworth,_2nd_Marquess_of_Rockingham",FILL,FILL
293,Aron,,,Pierre Bourdieu:,/wiki/Raymond_Aron,48.856613,2.352222
294,Muhammad ibn Karram,,,Ibn Taymiya:,/wiki/Ibn_Karram,FILL,FILL
295,Nicolas-Edme Rétif,,,Charles Fourier:,/wiki/Nicolas_Restif_de_la_Bretonne,FILL,FILL
296,William James, (1842–1910),Afrikan Spir:Emanuel Swedenborg:F. C. S. Schiller:Pierre Janet:Bernhard Riemann:Ernst Mach:Charles Bernard Renouvier:Hermann Helmholtz:John Stuart Mill:Charles Sanders Peirce:David Hartley:David Hume:Louis Agassiz:Jules Lequier:William Kingdon Clifford:,Marilynne Robinson:Émile Durkheim:W. E. B. Du Bois:C. Wright Mills:William Sheldon:Robert Frost:Alfred North Whitehead:Bertrand Russell:John Dewey:Henri Bergson:Edwin Holt:F. C. S. Schiller:Edmund Husserl:Alfred Schütz:George Santayana:Hilary Putnam:Gertrude Stein:Morris Raphael Cohen:Antonio Damasio:Jimmy Carter:Richard Rorty:,/wiki/William_James,FILL,FILL
297,Baudelaire,,,Theodor Adorno:,/wiki/Charles_Baudelaire,FILL,FILL
298,Abu Hanifa,,,Shah Wali Allah:,/wiki/Abu_Hanifa,FILL,FILL
299,Heinrich Rickert, (1863–1936),Johann Gottlieb Fichte:Wilhelm Windelband:Immanuel Kant:Alois Riehl:,Max Weber:Edmund Husserl:Ernst Bloch:George Vernadsky:Emil Lask:Walter Benjamin:Martin Heidegger:,/wiki/Heinrich_Rickert,FILL,FILL
300,Imre Lakatos, (1922–1974),Hegel:de:Marx:Feyerabend:Lenin:Szabó:Popper:Kuhn:Lukács:Pólya:,Feyerabend:Chalmers:Corfield:Worrall:Murphy:Sloman:Gillies:Meehl:Milner:,/wiki/Imre_Lakatos,47.52997,21.63916
301,Henri Bergson, (1859–1941),Arthur Schopenhauer:Immanuel Kant:Charles Darwin:Gottfried Wilhelm Leibniz:William James:Herbert Spencer:Spinoza:Plotinus:Maine de Biran:Félix Ravaisson-Mollien:,Henry Miller:Vladimir Jankélévitch:Emmanuel Levinas:Émile Bréhier:Nikos Kazantzakis:Maurice Merleau-Ponty:Emmanuel Mounier:Guy Debord:Jawaharlal Nehru:Robert Frost:Necip Fazıl Kısakürek:Alfred North Whitehead:Marcel Proust:Aldous Huxley:Liang Shuming:Édouard Le Roy:Michel Aflaq:Alfred Schütz:Anna-Teresa Tymieniecka:Muhammad Iqbal:Gabriel Marcel:Jacques Maritain:Vladimir Nabokov:Nurettin Topçu:Wyndham Lewis:Gilles Deleuze:Jean-Paul Sartre:,/wiki/Henri_Bergson,48.856613,2.352222
302,Antonio Labriola, (1843–1904),Hegel:Herbart:Marx:,Leon Trotsky:Georges Sorel:Benedetto Croce:Amadeo Bordiga:Antonio Gramsci:,/wiki/Antonio_Labriola,41.5,13.833
303,Benedetto Croce, (1866–1952),Giovanni Gentile:Immanuel Kant:Friedrich Wilhelm Joseph Schelling:Georg Wilhelm Friedrich Hegel:Johann Gottlieb Fichte:Francesco de Sanctis:Giambattista Vico:Antonio Labriola:Jean-Jacques Rousseau:,Giovanni Gentile:Carlo Rosselli:Giorgio Bassani:José Carlos Mariátegui:Georges Sorel:Guido De Ruggiero:Eugenio Montale:George Mosse:Julius Evola:R. G. Collingwood:Antonio Gramsci:,/wiki/Benedetto_Croce,FILL,FILL
304,Yajnavalkya, (c. 1800 BC),Aruni:,Indian philosophy:,/wiki/Yajnavalkya,FILL,FILL
305,Simone Weil, (1909–1943),Charles Darwin:Thomas More:Socrates:Voltaire:Alain:Jean-Jacques Rousseau:Aristotle:Bhagavad Gita:David Hume:Erasmus:Baruch Spinoza:Augustine of Hippo:Immanuel Kant:Plato:New Testament:Karl Marx:Homer:John Fisher:Michel de Montaigne:René Descartes:Sigmund Freud:Louise Michel:Friedrich Nietzsche:Edward Gibbon:Thomas Aquinas:,Diogenes Allen:Dorothy Day:Anne Carson:Flannery O'Connor:Roger Scruton:Cornel West:Susan Sontag:Christian Wiman:Giorgio Agamben:Thomas Merton:Jean-Luc Godard:Dewi Zephaniah Phillips:Iris Murdoch:János Pilinszky:Pope Paul VI:Peter Winch:Czesław Miłosz:Albert Camus:Timothy Keller:Pankaj Mishra:Pope Francis:,/wiki/Simone_Weil,48.856613,2.352222
306,Bhagavad Gita,,,Simone Weil:,/wiki/Bhagavad_Gita,FILL,FILL
307,Richard Taylor (philosopher), (1919–2003),Arthur Schopenhauer:,David Foster Wallace:,/wiki/Richard_Taylor_(philosopher),42.56056,-84.83472
308,Cicero, (106 BC–43 BC),Philo of Larissa:Panaetius:Socrates:Plato:,Western philosophy:,/wiki/Cicero,41.64778,13.60972
309,Maurice Merleau-Ponty, (1908–1961),Marcel:Brunschvicg:Uexküll:Malebranche:Chardin:Driesch:Schelling:Husserl:Köhler:Proust:Kojève:Kant:Descartes:Tinbergen:Fink:Lacan:Bergson:Mounier:Saussure:Whitehead:Darwin:Heraclitus:Koffka:Sartre:Beauvoir:Bachelard:Freud:Plotinus:Schilder:Coghill:Nietzsche:Hegel:Lévi-Strauss:Marx:Klein:Gesell:Scheler:Heidegger:Weber:Piaget:,Varela:Zahavi:Diprose:Harman:Lefort:Young:Ricoeur:Schillebeeckx:Lawlor:Simondon:Abram:Crowther:Gallagher:Giorgi:McClamrock:Bourdieu:Vesely:Hillman:Dreyfus:Henry:El-Bizri:Irigaray:Lacan:Butler:Polanyi:Virilio:Thảo:Thompson:Danto:Sartre:Ihde:Foucault:Manha:Guenther:Deleuze:Edie:Ahmed:Johnson:Kompridis:Clark:Barbaras:Castoriadis:Laplanche:,/wiki/Maurice_Merleau-Ponty,45.9421,-0.9588
310,Philipp Mainländer,,,Emil Cioran:,/wiki/Philipp_Mainl%C3%A4nder,50.1,8.8
311,Osho,,,Peter Sloterdijk:,/wiki/Rajneesh,23.317,77.783
312,Jan Hus, (1369–1415),John Wycliffe:Conrad Waldhauser:,John Wesley:Martin Luther:John Calvin:Henry VIII:Savonarola:Jerome of Prague:,/wiki/Jan_Hus,49.055,13.98694
313,Gilbert White,,,Charles Darwin:,/wiki/Gilbert_White,51.097,-0.942
314,Estius,,,Antoine Arnauld:,/wiki/Willem_Hessels_van_Est,51.830556,4.974167
315,Zisi,,,Mencius:,/wiki/Zisi,FILL,FILL
316,Alfred Weber,,,Erich Fromm:,/wiki/Alfred_Weber,50.98333,11.03333
317,Friedrich Adolf Trendelenburg, (1802–1872),Karl Leonhard Reinhold:Friedrich Schleiermacher:Aristotle:Immanuel Kant:de:Georg Wilhelm Friedrich Hegel:Johann Erich von Berger:,Søren Kierkegaard:Wilhelm Dilthey:Franz Brentano:Friedrich Paulsen:Hermann Cohen:G. S. Morris:Gottlob Frege:Rudolf Christoph Eucken:Ernst Laas:,/wiki/Friedrich_Adolf_Trendelenburg,54.13778,10.61806
318,Blanc,,,Nikolai Chernyshevsky:,/wiki/Louis_Blanc,40.417,-3.717
319,Connan,,,John Selden:,/wiki/Fran%C3%A7ois_Connan,FILL,FILL
320,Simone Porzio,,,Lucilio Vanini:,/wiki/Simone_Porzio,FILL,FILL
321,Friedrich Karl von Savigny, (1779–1861),Gustav Hugo:,August von Bethmann-Hollweg:,/wiki/Friedrich_Karl_von_Savigny,50.117,8.683
322,Georg Henrik von Wright, (1916–2003),Jürgen Habermas:Eino Kaila:G. E. Moore:Ludwig Wittgenstein:Oswald Spengler:Charles Sanders Peirce:R. B. Braithwaite:,Peter Hacker:Karl-Otto Apel:,/wiki/Georg_Henrik_von_Wright,60.17083,24.9375
323,Neopythagoreanism,,,Iamblichus (philosopher):,/wiki/Neopythagoreanism,FILL,FILL
324,Lagache,,,Michel Foucault:,/wiki/Daniel_Lagache,FILL,FILL
325,Susanne Langer, (1895–1985),Cassirer:Whitehead:Schopenhauer:,Clifford Geertz:Howard Gardner:Neo-Concrete Movement:Bernard Lonergan:,/wiki/Susanne_Langer,40.783,-73.967
326,Eduard Meyer,,,Eric Voegelin:,/wiki/Eduard_Meyer,FILL,FILL
327,Kurt Goldstein,,,Georges Canguilhem:,/wiki/Kurt_Goldstein,FILL,FILL
328,Michelet,,,Roland Barthes:,/wiki/Jules_Michelet,FILL,FILL
329,Schoenberg,,,Theodor Adorno:,/wiki/Arnold_Schoenberg,FILL,FILL
330,Joseph Maréchal, (1878–1944),Immanuel Kant:Thomas Aquinas:,Karl Rahner:Richard De Smet:Bernard Lonergan:,/wiki/Joseph_Mar%C3%A9chal,50.4,4.433
331,Rupert Cross,,,Ronald Dworkin:,/wiki/Rupert_Cross,FILL,FILL
332,Donald Cary Williams, (1899–1983),George Santayana:Ralph Barton Perry:Bernard Bosanquet:Edwin B. Holt:Bertrand Russell:Samuel Alexander:,Paul Fitzgerald:D. M. Armstrong:Nicholas Wolterstorff:Keith Campbell:David Stove:David Lewis:John Bacon:,/wiki/Donald_Cary_Williams,37.39472,-121.08444
333,individualist anarchism,,,Michel Onfray:,/wiki/Individualist_anarchism,FILL,FILL
334,Joseph Butler, (1692–1752),Plato:Thomas Hobbes:Samuel Clarke:John Locke:Francis Hutcheson:,Edmund Burke:C. S. Lewis:David Seabury:David Hume:Jeremy Bentham:John Warwick Montgomery:Adam Smith:Thomas Reid:William Paley:,/wiki/Joseph_Butler,FILL,FILL
335,Sarajlija,,,Petar II Petrović-Njegoš:,/wiki/Sima_Milutinovi%C4%87_Sarajlija,FILL,FILL
336,Genesis,,,Hildegard of Bingen:,/wiki/Genesis_creation_narrative,FILL,FILL
337,Thomas Reid, (1710–1796),David Hume:Thomas Aquinas:George Berkeley:Cicero:,Victor Cousin:Dugald Stewart:Roderick Chisholm:William L. Rowe:William James:G. E. Moore:James Frederick Ferrier:Charles Hodge:Michael Huemer:Keith DeRose:Arthur Schopenhauer:Alvin Plantinga:William Alston:David Hartley:Keith Lehrer:C. S. Peirce:Nicholas Wolterstorff:James Beattie:George Elder Davie:Michael Bergmann:,/wiki/Thomas_Reid,57.02048,-2.53855
338,Henri Atlan,,,Edgar Morin:,/wiki/Henri_Atlan,36.46861,2.83194
339,Alfred North Whitehead, (1861–1947),Aristotle:Francis Herbert Bradley:Immanuel Kant:Plato:George Santayana:Gottfried Wilhelm Leibniz:Isaac Newton:William James:John Locke:John Dewey:Henri Bergson:David Hume:,C. D. Broad:F. S. C. Northrop:Michel Weber:Conrad Hal Waddington:Sewall Wright:Maurice Merleau-Ponty:Talcott Parsons:Ilya Prigogine:John Lighton Synge:David Bohm:Donald Davidson:Wilfred Eade Agar:Bertrand Russell:James Luther Adams:Ervin László:Wolfgang Smith:W. V. O. Quine:Eric Voegelin:Ken Wilber:Milič Čapek:Susanne Langer:Gilles Deleuze:B. F. Skinner:Jules Vuillemin:,/wiki/Alfred_North_Whitehead,51.336,1.416
340,Gaius Memmius,,,Lucretius:,/wiki/Gaius_Memmius_(poet),FILL,FILL
341,Piero Sraffa,,,Ludwig Wittgenstein:,/wiki/Piero_Sraffa,45.07917,7.67611
342,Chungliang Al Huang,,,Alan Watts:,/wiki/Chungliang_Al_Huang,FILL,FILL
343,Michel Henry, (1922–2002),Wahl:Husserl:Gouhier:Hyppolite:Biran:Meister Eckhart:Alquié:,Marion:,/wiki/Michel_Henry,20.865139,106.683833
344,Ernst Niekisch,,,Francis Parker Yockey:,/wiki/Ernst_Niekisch,FILL,FILL
345,Anneliese Maier,,,Thomas Samuel Kuhn:,/wiki/Anneliese_Maier,FILL,FILL
346,Gabriel Marcel, (1887–1973),Edmund Husserl:Søren Kierkegaard:Martin Heidegger:Josiah Royce:François Mauriac:Henri Bergson:Nikolai Berdyaev:Friedrich Schelling:Martin Buber:,Pierre Boutang:Jean Wahl:Paul Ricœur:Walker Percy:Emmanuel Levinas:John Paul II:,/wiki/Gabriel_Marcel,48.856613,2.352222
347,Hypatia of Alexandria, (370–415),Plotinus:Aristotle:Theon of Alexandria:Plato:,Synesius of Cyrene:Damascius:,/wiki/Hypatia_of_Alexandria,31.2,29.917
348,Charles Hartshorne, (1897–2000),Josiah Royce:Alfred North Whitehead:William Ernest Hocking:Charles Sanders Peirce:Jules Lequier:,Donald W. Viney:John B. Cobb:David Ray Griffin:,/wiki/Charles_Hartshorne,40.82,-79.52139
349,Søren Kierkegaard, (1813–1855),Hegel:Mozart:Plato:Wolff:Shakespeare:Hamann:Abraham:Diogenes:Schelling:Luther:Socrates:Olsen:Heiberg:Møller:Goethe:Lessing:Kant:Descartes:,Marcel:Wahl:Levinas:Unamuno:Schmitt:Adorno:Bergman:Camus:Merton:Ellul:Buber:Ibsen:Shestov:Barth:Sartre:Freud:Jaspers:Wittgenstein:West:Kaufmann:Tillich:Percy:May:Caputo:H. R. Niebuhr:Heidegger:,/wiki/S%C3%B8ren_Kierkegaard,55.67611,12.56833
350,Aenesidemus, (1st century BC),Pyrrho:Heraclitus:Timon:,Favorinus:Plutarch:Sextus Empiricus:,/wiki/Aenesidemus,35.29806,25.16306
351,Ibn Jarir,,,Ibn Khaldun:,/wiki/Al-Tabari,36.46972,52.35083
352,Pierre Corneille,,,Voltaire:,/wiki/Pierre_Corneille,FILL,FILL
353,Charles Nodier,,,Gaston Bachelard:,/wiki/Charles_Nodier,47.24,6.02
354,Ibn Tufail, (1110–1185),Abu Yaqub Yusuf:Aristotle:Plato:Al-Farabi:Ibn Tumart:Muhammad:Ibn Bajjah:Avicennism:Avicenna:,Ibn al-Nafis:Averroes:Alpetragius:,/wiki/Ibn_Tufail,37.3,-3.133
355,Edmund Gettier, (1927–2021),Roderick Chisholm:,Colin McGinn:Robert Nozick:,/wiki/Edmund_Gettier,39.28944,-76.61528
356,Mario Tronti,,,Antonio Negri:,/wiki/Mario_Tronti,FILL,FILL
357,Johann Friedrich Herbart, (1776–1841),Johann Gottlieb Fichte:Immanuel Kant:,Friedrich Eduard Beneke:Wilhelm Windelband:Moritz Wilhelm Drobisch:Gustav Hartenstein:Edmund Husserl:Immanuel Hermann Fichte:Hermann Lotze:Antonio Labriola:,/wiki/Johann_Friedrich_Herbart,53.14389,8.21389
358,Anaxagoras, (died 462 BC),Parmenides:Milesian school:,Archelaus:Pericles:Protagoras:John Stuart Mill:Socrates:,/wiki/Anaxagoras,38.358167,26.767583
359,István Mészáros (philosopher), (1930–2017),Karl Marx:György Lukács:,Cliff Slaughter:,/wiki/Istv%C3%A1n_M%C3%A9sz%C3%A1ros_(philosopher),47.4925,19.05139
360,Lautréamont,,,Maurice Blanchot:,/wiki/Comte_de_Lautr%C3%A9amont,FILL,FILL
361,Monsieur Chouchani,,,Emmanuel Levinas:,/wiki/Monsieur_Chouchani,FILL,FILL
362,Eugene O'Neill,,,Cornel West:,/wiki/Eugene_O%27Neill,FILL,FILL
363,Abu'l-Barakāt al-Baghdādī,,,Albert of Saxony (philosopher):,/wiki/Abu%27l-Barak%C4%81t_al-Baghd%C4%81d%C4%AB,36.34,43.13
364,Religious Society of Friends,,,Thomas Paine:,/wiki/Quakers,FILL,FILL
365,Hans Kelsen, (1881–1973),Hume:Kant:Vaihinger:Hermann Cohen:,de:Kunz:Bobbio:Hart:Dreier:Merkl:,/wiki/Hans_Kelsen,50.083,14.417
366,Jean Jacques Rousseau, (1712–1778),Locke:Malebranche:Hobbes:Socrates:Voltaire:Spinoza:Leibniz:Machiavelli:Aristotle:Plutarch:Descartes:Condillac:Plato:Montesquieu:Grotius:Diderot:D'Épinay:Pufendorf:D'Alembert:,Proudhon:Montessori:Wollstonecraft:Hume:Smith:Rawls:Dewey:Bloom:Strauss:Saint-Just:Kant:Engels:American Revolution:Thoreau:de Sade:Kitsikis:Madame de Stael:Darwin:Derrida:Freud:Goethe:Malaka:Tolstoy:French Revolution:Nietzsche:Hegel:Gibbon:Paine:Marx:Fichte:Romanticism:Robespierre:Counter-Enlightenment:Napoleon Bonaparte:Schopenhauer:,/wiki/Jean_Jacques_Rousseau,46.20167,6.14694
367,Charles Dunoyer,,,"Claude Henri de Rouvroy, Comte de Saint-Simon:",/wiki/Charles_Dunoyer,FILL,FILL
368,Michael Dummett, (1925–2011),Peter Geach:J. M. E. McTaggart:Donald Davidson:L. E. J. Brouwer:Ludwig Wittgenstein:G. E. M. Anscombe:Gilbert Ryle:Gottlob Frege:,Gareth Evans:Christopher Peacocke:Luciano Floridi:Hans Sluga:Crispin Wright:Ian Rumfitt:Barry Smith:Carlo Penco:Timothy Williamson:,/wiki/Michael_Dummett,51.50722,-0.1275
369,Publilius Syrus,,,Baltasar Gracián y Morales:,/wiki/Publilius_Syrus,36.20472,36.18167
370,Serbian epic poetry,,,Petar II Petrović-Njegoš:,/wiki/Serbian_epic_poetry,FILL,FILL
371,Pseudo-Dionysius the Areopagite, (5th century),Basil of Caesarea:Proclus:Clement of Alexandria:Iamblichus:Origen:Plotinus:Gregory of Nyssa:,Western Christianity:Eastern:,/wiki/Pseudo-Dionysius_the_Areopagite,FILL,FILL
372,Maimonides,) (1135–1204),Talmud:Aristotle:Plato:Avempace:Averroes:al-Farabi:Al-Ghazali:Avicenna:,Buber:Joyce:Rosenzweig:Fackenheim:Newton:Albertus Magnus:Strauss:Levinas:Aquinas:Friedländer:Spinoza:Leibniz:Jewish philosophy:Catholic theology:Bodin:,/wiki/Maimonides,37.88450722,-4.7795675
373,Cappadocian Fathers,,,Johannes Scotus Eriugena:,/wiki/Cappadocian_Fathers,FILL,FILL
374,Ambrosiaster,,,Augustine of Hippo:,/wiki/Ambrosiaster,FILL,FILL
375,Charles de Gaulle,,,Roger Scruton:,/wiki/Charles_de_Gaulle,FILL,FILL
376,Xenocrates, (396–314 BC),Pythagoreanism:Speusippus:,Crantor:Polemo:,/wiki/Xenocrates,40.98444,29.02722
377,George Berkeley, (1685–1753),John Locke:Isaac Newton:Bayle:Nicolas Malebranche:,Arthur Schopenhauer:Immanuel Kant:Ernst Mach:Jorge Luis Borges:John Stuart Mill:David Hume:Thomas Reid:,/wiki/George_Berkeley,FILL,FILL
378,Alfred Tarski, (1901–1983),,Rudolf Carnap:John Corcoran:Kenneth Arrow:Patrick Suppes:Erich Leo Lehmann:Karl Popper:Donald Davidson:Willard Van Orman Quine:,/wiki/Alfred_Tarski,52.233,21.017
379,Epictetus, (AD 55–c. 135),Musonius Rufus:Zeno of Citium:Cleanthes:Chrysippus:Diogenes:Socrates:Hippocrates:,Han Ryner:Marcus Aurelius:James Stockdale:Arrian:Junius Rusticus:Albert Ellis:,/wiki/Epictetus,37.925,29.12583
380,Eurocommunism,,,Nicos Poulantzas:,/wiki/Eurocommunism,FILL,FILL
381,Malesherbes,,,Alexis de Tocqueville:,/wiki/Guillaume-Chr%C3%A9tien_de_Lamoignon_de_Malesherbes,FILL,FILL
382,Zhu Xi,) (1130–1200),Mencius:Zhang Zai:Cheng Hao:Confucius:Zhou Dunyi:Cheng Yi:,Arthur Schopenhauer:Tu Wei-ming:Gottfried Leibniz:Wang Yangming:Joseph Needham:Toegye:Qian Mu:Christian Wolff:Wang Fuzhi:,/wiki/Zhu_Xi,26.17,118.19
383,Karl-Otto Apel, (1922–2017),Immanuel Kant:Martin Heidegger:Charles S. Peirce:Georg Henrik von Wright:Max Horkheimer:,Jürgen Habermas:Vittorio Hösle:Hans-Hermann Hoppe:,/wiki/Karl-Otto_Apel,51.233,6.783
384,Clarence Irving Lewis,,,Brand Blanshard:,/wiki/C._I._Lewis,42.48,-71.1
385,Henry Hazlitt,,,Robert Nozick:,/wiki/Henry_Hazlitt,39.95278,-75.16361
386,Sallust,,,Augustine of Hippo:,/wiki/Sallust,FILL,FILL
387,Hipparchia,,,Zeno of Citium:,/wiki/Hipparchia_of_Maroneia,40.9,25.517
388,Eric Voegelin, (1901–1985),Hans Urs von Balthasar:William James:Hans-Georg Gadamer:John R. Commons:Aristotle:Max Weber:Henri de Lubac:Alfred North Whitehead:Henri Bergson:Augustine of Hippo:Eduard Meyer:Plato:Edmund Husserl:Alfred Schütz:Thomas Mann:F. W. J. Schelling:Jean Bodin:Pre-Socratic philosophers:Leo Strauss:Hans Jonas:Ludwig von Mises:Thomas Aquinas:,Bruno Latour:Flannery O'Connor:William Havard:Robert B. Heilman:Frederick Lawrence:de:William F. Buckley Jr.:Olavo de Carvalho:Sir Roger Scruton:Jürgen Gebhardt:Robert George:Russell Kirk:James V. Schall:Thierry Gontier:Martin Palouš:Walker Percy:Rudolf Bultmann:Leo Strauss:Raymond Aron:fr:Ellis Sandoz:,/wiki/Eric_Voegelin,50.93639,6.95278
389,Charles Lyell,,,Charles Darwin:,/wiki/Charles_Lyell,56.6828,-3.0346
390,Thomas Paine, (1737–1809),Montesquieu:Religious Society of Friends:Jacobin:John Locke:Benjamin Franklin:Voltaire:David Hume:Jean-Jacques Rousseau:Edward Gibbon:,William Godwin:Jyotirao Phule:Mary Wollstonecraft:Christopher Hitchens:Charles Darwin:Karl Marx:Thomas Edison:Mark Twain:Sigmund Freud:Bertrand Russell:Abraham Lincoln:George Carlin:Robert G. Ingersoll:Thomas Jefferson:Pierre Victurnien Vergniaud:Moncure D. Conway:Friedrich Nietzsche:,/wiki/Thomas_Paine,52.41,0.74
391,Qur'an,,,Ibn Arabi:,/wiki/Quran,FILL,FILL
392,Aristippus, (c. 435–366 BC),Socrates:,Epicurus:Michel Onfray:Hegesias:Anniceris:Arete of Cyrene:Theodorus:Aristippus the Younger:,/wiki/Aristippus,32.825,21.85806
393,Pierre-Joseph Proudhon, (1809–1865),Adam Smith:G. W. F. Hegel:Alexander Herzen:Charles Fourier:,Mikhail Bakunin:Victor Hugo:Antero de Quental:Friedrich Wilhelm Schulz:Georges Sorel:Karl Marx:Joseph Déjacque:Peter Kropotkin:Francesc Pi i Margall:Errico Malatesta:Benjamin Tucker:Max Stirner:,/wiki/Pierre-Joseph_Proudhon,47.24,6.02
394,Alexander Hegius,,,Desiderius Erasmus:,/wiki/Alexander_Hegius_von_Heek,FILL,FILL
395,Rudolf Steiner, (1861–1925),Nietzsche:Helena Blavatsky:Eduard von Hartmann:Hegel:Fichte:Schiller:Karl Julius Schröer:Franz Brentano:Silvio Gesell:Schelling:Goethe:Kant:,Edouard Schuré:Andrej Belyj:Daniel Nicol Dunlop:Saul Bellow:Andrei Tarkovsky:Max Heindel:Wassily Kandinsky:Hilma af Klint:Richard Tarnas:Josef Beuys:Albert Schweitzer:Owen Barfield:Valentin Tomberg:Hugo Bergmann:Martin Buber:,/wiki/Rudolf_Steiner,FILL,FILL
396,Wächtershäuser,,,Karl Popper:,/wiki/G%C3%BCnter_W%C3%A4chtersh%C3%A4user,FILL,FILL
397,Jean Burden,,,Alan Watts:,/wiki/Jean_Burden,FILL,FILL
398,Alexandre Kojève, (1902–1968),Hegel:Aristotle:Plato:Marx:Strauss:Soloviev:Koyré:Jaspers:Kandinsky:Schmitt:Kant:Heidegger:,Bataille:Lacan:Bloom:Strauss:Rosen:Sartre:Derrida:Breton:Agamben:Foucault:Fukuyama:Louis Althusser:Queneau:Maurice Merleau-Ponty:Aron:,/wiki/Alexandre_Koj%C3%A8ve,55.75583,37.61722
399,Girolamo Savonarola,,,John Colet:,/wiki/Girolamo_Savonarola,FILL,FILL
400,Marquis de Condorcet, (1743–1794),Leonhard Euler:Jean le Rond d'Alembert:Voltaire:Benjamin Franklin:Jean-Jacques Rousseau:Turgot:,André Chénier:Charles Darwin:Pierre Jean George Cabanis:Karl Marx:Sigmund Freud:Liberalism:Thomas Clarkson:Jean-Marie Roland:Henri de Saint-Simon:Friedrich Nietzsche:Jacques Pierre Brissot:,/wiki/Marquis_de_Condorcet,FILL,FILL
401,Iamblichus (philosopher), (ca. 245 AD-ca. 325),Aristotle:Plato:Pythagoras:Porphyry:Neopythagoreanism:,Aedesius:Proclus:,/wiki/Iamblichus_(philosopher),35.9875,37.04278
402,Sainte-Beuve,,,Friedrich Nietzsche:,/wiki/Charles_Augustin_Sainte-Beuve,FILL,FILL
403,Ibn al-Mughallis,,,Ibn Hazm:,/wiki/Ibn_al-Mughallis,FILL,FILL
404,Marshall McLuhan,,,Jean Baudrillard:,/wiki/Marshall_McLuhan,53.53444,-113.49028
405,Seraphim of Sarov,,,Nikolai Berdyaev:,/wiki/Seraphim_of_Sarov,FILL,FILL
406,"Victoria, Lady Welby", (1837–1912),F. C. S. Schiller:Charles Sanders Peirce:Charles Darwin:,H. Walter Schmitz:Charles Sanders Peirce:Susan Petrilli:Charles Kay Ogden:,"/wiki/Victoria,_Lady_Welby",51.50722,-0.1275
407,Thales, (c. 635 – 543 BC),Babylonian astronomy:Ancient Egyptian religion:Ancient Egyptian mathematics:,Xenophanes:Anaximander:Anaximenes:Pythagoras:,/wiki/Thales,37.53028,27.27833
408,Heraclitus, (ca. 535–475 BC),Anaximander:Bias of Priene:Thales:Anaximenes:,Parmenides:Spengler:Heracliteans:D. H. Lawrence:Anaxagoras:Engels:Lassalle:Plato:Cratylus:Whitehead:Stoicism:Popper:Jung:Empedocles:Western philosophy:Antisthenes:Nietzsche:Hegel:McTaggart:Pater:Heidegger:,/wiki/Heraclitus,37.94111,27.34194
409,John Selden, (1584–1654),Connan:Hugo Grotius:Alciato:,Blackstone:Locke:Burke:Great Tew:Hobbes:Cumberland:Vico:Pufendorf:Hume:Smith:,/wiki/John_Selden,50.83513,-0.3984
410,Parmenides, (5th century BC),Heraclitus:Xenophanes of Colophon:,Nietzsche:Melissus of Samos:Eleatic School:Meinong:Plato:Spinoza:Socrates:Leibniz:Zeno of Elea:Empedocles:Anaxagoras:Heidegger:Emanuele Severino:,/wiki/Parmenides,40.16083,15.155
411,Melchiorre Gioia,,,Antonio Rosmini-Serbati:,/wiki/Melchiorre_Gioia,FILL,FILL
412,Vladimir Solovyov (philosopher), (1853–1900),Shimon bar Yochai:Sergey Bulgakov:Aristotle:Arthur Schopenhauer:Jakob Böhme:Plato:Friedrich Wilhelm Joseph Schelling:Emanuel Swedenborg:Paracelsus:Søren Kierkegaard:Immanuel Kant:Fyodor Dostoyevsky:Auguste Comte:Plotinus:Blavatsky:Louis Claude de Saint-Martin:Dante:Augustine of Hippo:,Sergey Bulgakov:Alexandre Kojève:Pavel Florensky:Andrei Belyi:Semyon Frank:Alexander Blok:Nicolas Berdyaev:Dostoyevsky:,/wiki/Vladimir_Solovyov_(philosopher),55.75583,37.61722
413,Rée,,,Friedrich Nietzsche:,/wiki/Paul_R%C3%A9e,54.3,12.583
414,Alejandro Korn, (1860–1936),Hegel:Kant:,Ángel Vasallo:Juan José Arévalo:Luis Aznar:Francisco Romero:Risieri Frondizi:Pedro Henríquez Ureña:,/wiki/Alejandro_Korn,-35.017,-58.417
415,Allama Tabatabai, (1903–1981),Mulla Sadra:Hujjat Kuhkamari:Naeeni:Hadi Sabzavari:Sayyed Hosein Badkuba'i:Allameh Qazi:Muhammad Hosein Esfehani:Sayyid Abu'l-Qasim Khwansari:,Musa Sadr:Dariush Shayegan:Makarem Shirazi:Muhammad Beheshti:Hossein Nasr:Hassan Hassanzadeh Amoli:Muhammad al-Tijani:Muhammad Mofatteh:Ebrahim Amini:Sayyed Jalal-ed-Din Ashtiani:Javadi Amoli:Morteza Motahhari:Henry Corbin:,/wiki/Allama_Tabatabai,38.067,46.3
416,Ibn Furak,,,Fakhr al-Din al-Razi:,/wiki/Ibn_Furak,32.64472,51.6675
417,Derek Parfit, (1942–2017),Henry Sidgwick:Immanuel Kant:A. J. Ayer:Shelly Kagan:R. M. Hare:Amartya Sen:Jonathan Glover:James Griffin:Thomas Nagel:John Locke:John Stuart Mill:T. M. Scanlon:Christine Korsgaard:P. F. Strawson:David Pears:Ronald Dworkin:,Thomas Hurka:Ruth Chang:Brad Hooker:Jeff McMahan:Samuel Scheffler:Larry Temkin:John Cottingham:Peter Singer:,/wiki/Derek_Parfit,30.66,104.06333
418,Ehrenhaft,,,Paul Feyerabend:,/wiki/Felix_Ehrenhaft,48.2,16.367
419,Karl Marx, (1818–1883),Johann Wolfgang von Goethe:Jean Charles Léonard de Sismondi:Charles Darwin:Friedrich Engels:Charles Fourier:Voltaire:Claude Adrien Helvétius:François-Noël Babeuf:Jean-Jacques Rousseau:Ludwig von Westphalen:Aristotle:William Shakespeare:David Ricardo:William Thompson:Moses Hess:Adam Ferguson:Robert Owen:Henri de Saint-Simon:Baruch Spinoza:Max Stirner:Justus von Liebig:Pierre-Joseph Proudhon:Constantin Pecqueur:Baron d'Holbach:Friedrich Wilhelm Schulz:Giambattista Vico:Ludwig Feuerbach:Epicurus:Maximilien Robespierre:Victor Considerant:Charles Babbage:François Guizot:Adam Smith:G. W. F. Hegel:,List of Marxists:,/wiki/Karl_Marx,49.75667,6.64139
420,Euripides,,,Friedrich Nietzsche:,/wiki/Euripides,37.933,23.5
421,Hermann Minkowski,,,Albert Einstein:,/wiki/Hermann_Minkowski,54.883,23.9
422,Seraphim Rose,,,Alan Watts:,/wiki/Seraphim_Rose,FILL,FILL
423,al-Tamimi,,,Ibn Arabi:,/wiki/Mohammed_ibn_Qasim_al-Tamimi,FILL,FILL
424,Berg,,,Theodor Adorno:,/wiki/Alban_Berg,FILL,FILL
425,Fénelon,,,Joseph de Maistre:,/wiki/Fran%C3%A7ois_F%C3%A9nelon,FILL,FILL
426,D'Épinay,,,Jean Jacques Rousseau:,/wiki/Louise_d%27%C3%89pinay,FILL,FILL
427,Old Testament,,,Hildegard of Bingen:,/wiki/Old_Testament,FILL,FILL
428,Ernst Cassirer, (1874–1945),Immanuel Kant:Friedrich Wilhelm Joseph Schelling:Gottfried Wilhelm Leibniz:Hermann Cohen:Johann Wolfgang von Goethe:,Eric Weil:Susanne Langer:Leo Strauss:Wilbur Marshall Urban:,/wiki/Ernst_Cassirer,51.11,17.0325
