,name,birth,incoming_links,outgoing_links,page,latitude,longitude,births
0,Omar Khayyam, (1048–1131),Euclid:al-Khwārizmī:Avicenna:Apollonius of Perge:,Tusi:Nizami Aruzi of Samarcand:Al-Khazini:Edward FitzGerald:André Gide:John Wallis:Hafez:Saccheri:,/wiki/Omar_Khayyam,21.384444444444444,102.72583333333334,2021-05-18 00:00:00
1,Hinduism (Upanishads),,,Arthur Schopenhauer:,/wiki/Upanishads,FILL,FILL,FILL
2,Quintilian,,,Augustine of Hippo:,/wiki/Quintilian,FILL,FILL,FILL
3,Carneades, (c. 214–129 BC),Arcesilaus:Plato:Diogenes of Babylon:,Philo of Larissa:Clitomachus:Sextus Empiricus:,/wiki/Carneades,35.0368,37.0135,-214
4,John Philoponus, (early 6th century),Aristotle:,Jean Buridan:Bonaventure:Giovanni Pico della Mirandola:Galileo Galilei:,/wiki/John_Philoponus,20.761666666666667,73.03722222222223,490
5,Driesch,,,Maurice Merleau-Ponty:,/wiki/Hans_Driesch,45.5231,122,1867-10-28 00:00:00
6,Ernest Sosa, (born 1940),Roderick Chisholm:Jaegwon Kim:Nicholas Rescher:,John Greco:Brie Gertler:,/wiki/Ernest_Sosa,46.66,122,1940-06-17 00:00:00
7,Christine Korsgaard,,,"Onora O'Neill, Baroness O'Neill of Bengarve:",/wiki/Christine_Korsgaard,52.5333,13.1667,1952-04-09 00:00:00
8,Zupančič,,,Slavoj Žižek:,/wiki/Alenka_Zupan%C4%8Di%C4%8D,33.45,129.9686,1966-04-01 00:00:00
9,de Staël,,,Ralph Waldo Emerson:,/wiki/Germaine_de_Sta%C3%ABl,13.636388888888888,0.21666666666666667,1766-04-22 00:00:00
10,Herbert Feigl, (1902–1988),Hans Hahn:Hans Thirring:Karl Bühler:Moritz Schlick:,Donald Davidson:,/wiki/Herbert_Feigl,48.8414,2.2531,1902-12-14 00:00:00
11,Samuel Beckett,,,Alain Badiou:,/wiki/Samuel_Beckett,13.636388888888888,0.21666666666666667,1906-04-13 00:00:00
12,Henry of Harclay, (1270–1317),John Duns Scotus:,William of Ockham:,/wiki/Henry_of_Harclay,43.5675,4.1933,1270
13,Dubnow,,,Leo Strauss:,/wiki/Simon_Dubnow,13.636388888888888,0.21666666666666667,1860-09-10 00:00:00
14,Hendrik Lorentz,,,Albert Einstein:,/wiki/Hendrik_Lorentz,44.0519,123,1853-07-18 00:00:00
15,Wilfrid Sellars, (1912–1989),Rudolf Carnap:Immanuel Kant:Clarence Irving Lewis:Edmund Husserl:Martin Heidegger:Roy Wood Sellars:Gilbert Ryle:,Jay Rosenberg:Paul Churchland:Ray Brassier:Robert Brandom:Ruth Millikan:Annette Baier:Daniel Dennett:Bas van Fraassen:John McDowell:Richard Rorty:,/wiki/Wilfrid_Sellars,13.636388888888888,0.21666666666666667,1912-05-20 00:00:00
16,Melanie Klein,,,Cornelius Castoriadis:,/wiki/Melanie_Klein,13.636388888888888,0.21666666666666667,1882-03-30 00:00:00
17,Meade,,,John Rawls:,/wiki/James_Meade,48.7,44.4996,1907-06-23 00:00:00
18,Ralph Cudworth, (1617–1688),Plato:,Masham:Shaftesbury:,/wiki/Ralph_Cudworth,49.611666666666665,6.13,1617
19,Plutarch,,,Proclus:,/wiki/Plutarch_of_Athens,51.8917,0.903,350
20,Sigmund Freud, (1856–1939),,List of psychoanalysts:List of psychoanalytical theorists:,/wiki/Sigmund_Freud,13.636388888888888,0.21666666666666667,1856-05-06 00:00:00
21,Henry Harclay,,,William of Ockham:,/wiki/Henry_Harclay,43.5675,4.1933,1270
22,Jesus of Nazareth,,,Thomas Jefferson:,/wiki/Jesus,38.894999999999996,-77.03611111111111,
23,Abarbanel,,,Leo Strauss:,/wiki/Isaac_Abarbanel,13.636388888888888,0.21666666666666667,1437
24,Niccolò Machiavelli, (1469–1527),Plutarch:Tacitus:Sallust:Petrarch:Marsilio Ficino:Gemistos Plethon:Xenophon:Ibn Khaldun:Dante Alighieri:Polybius:Livy:Thucydides:,Vincenzo Cuoco:Giulio Andreotti:Carl Schmitt:Hobbes:Spinoza:Rousseau:Marquis de Sade:Strauss:Gramsci:Hannah Arendt:David Hume:T. Schelling:Pareto:Bacon:Althusser:John Adams:Weber:Vico:Philip Pettit:Nietzsche:Hegel:Sismondi:Political realism:Waltz:Negri:Denis Diderot:Harrington:Edward Gibbon:,/wiki/Niccol%C3%B2_Machiavelli,13.636388888888888,0.21666666666666667,1469-05-03 00:00:00
25,Pierre Janet,,,William James:,/wiki/Pierre_Janet,13.636388888888888,0.21666666666666667,1859-05-30 00:00:00
26,Benveniste,,,Paul Ricœur:,/wiki/%C3%89mile_Benveniste,13.636388888888888,0.21666666666666667,1902-05-27 00:00:00
27,John Fisher,,,Edmund Burke:,/wiki/John_Fisher,41.8855,12.4906,1469-10-19 00:00:00
28,Samuel Hartlib,,,Robert Boyle:,/wiki/Samuel_Hartlib,FILL,FILL,FILL
29,Theognis of Megara,,,Friedrich Nietzsche:,/wiki/Theognis_of_Megara,FILL,FILL,FILL
30,Paul Broca,,,John Fiske (philosopher):,/wiki/Paul_Broca,13.636388888888888,0.21666666666666667,1824-06-28 00:00:00
31,Jacques Lacan, (1901–1981),G.W.F. Hegel:Alexandre Kojève:Immanuel Kant:Aristotle:Karl Marx:Gaëtan Gatian de Clérambault:Jean Paul Sartre:Sigmund Freud:Salvador Dalí:Roman Jakobson:Georges Bataille:Claude Lévi-Strauss:Marquis de Sade:,Lacanian movement:Frantz Fanon:Éric Laurent:Jacques-Alain Miller:Alain Badiou:Elisabeth Roudinesco:Ljubljana school of psychoanalysis:Mari Ruti:Luce Irigaray:Peter Rollins:Louis Althusser:Julia Kristeva:Slavoj Žižek:,/wiki/Jacques_Lacan,58.9044,17.9464,1901-04-13 00:00:00
32,Ernst Bloch (philosopher), (1885–1977),Paracelsus:Jacob Boehme:Karl Marx:Thomas Müntzer:Heinrich Rickert:G. W. F. Hegel:,Walter Benjamin:Theodor W. Adorno:Emmanuel Levinas:Jürgen Moltmann:Ernesto Balducci:Fredric Jameson:,/wiki/Ernst_Bloch_(philosopher),53.6218,113,1885-07-08 00:00:00
33,Abhinavagupta, (fl. c. 975–1025),,Lakṣmaṇagupta:Śambhunātha:Bhūtirāja:,/wiki/Abhinavagupta,-17.95,20.5,0950-11-01 00:00:00
34,Hobsbawm,,,Ernesto Laclau:,/wiki/Eric_Hobsbawm,13.636388888888888,0.21666666666666667,1917-06-09 00:00:00
35,James Mill, (1773–1836),Jeremy Bentham:Dugald Stewart:David Hartley:,John Stuart Mill:,/wiki/James_Mill,13.636388888888888,0.21666666666666667,1773-04-06 00:00:00
36,Seneca the Younger, (c. 4 BC–AD 65),Attalus:Zeno of Citium:Plato:Cleanthes:Chrysippus:Sotion:Epicurus:Publilius Syrus:,Cardinal Giovanni Colonna:Medieval philosophy:Tertullian:Michel de Montaigne:Marcus Aurelius:Albertino Mussato:Dante Alighieri:Martin of Braga:Baruch Spinoza:Augustine of Hippo:,/wiki/Seneca_the_Younger,35.6833,51.4167,2021-11-04 00:00:00
37,Slavoj Žižek, (born 1949),Job:Chesterton:Spinoza:Schmitt:Adorno:Strauss:Schelling:Balibar:Badiou:Kant:Engels:Lacan:Lenin:Debenjak:Althusser:Dolar:Freud:Zupančič:Foucault:Hegel:Marx:Rancière:Benjamin:Laclau:Jameson:,Brooks:Dean:Rousselle:Santner:Tsipras:Horvat:Varoufakis:Fisher:Dolar:Zupančič:,/wiki/Slavoj_%C5%BDi%C5%BEek,25.6969,32.6422,1949-03-21 00:00:00
38,Salvador Dalí,,,Jacques Lacan:,/wiki/Salvador_Dal%C3%AD,13.636388888888888,0.21666666666666667,1904-05-11 00:00:00
39,Roman Jakobson,,,Jacques Lacan:,/wiki/Roman_Jakobson,13.636388888888888,0.21666666666666667,1896-10-11 00:00:00
40,Claessens,,,Peter Sloterdijk:,/wiki/Dieter_Claessens,FILL,FILL,FILL
41,Orphism,,,Plato:,/wiki/Orphism_(religion),FILL,FILL,FILL
42,Adam Ferguson, (1723–1816),Montesquieu:,Karl Marx:Dugald Stewart:,/wiki/Adam_Ferguson,48.5894,6.5017,1723-07-01 00:00:00
43,Ludwig Klages, (1872–1956),Busse:Nietzsche:Schopenhauer:Ibsen:Carus:Bachofen:Huch:Schuler:Goethe:George:Bahnsen:,Kahn:Hoffmann:Hesse:Schuler:Cassirer:Ewald:Cioran:Adorno:Cortázar:de:Löwith:Horkheimer:Lukács:Homburger:Guattari:Bataille:Lacan:Schultz:Kubin:Derrida:Agamben:Kronfeld:Foucault:Schneider:de Man:Lange:Habermas:Benjamin:Mann:Voigtländer:Heidegger:,/wiki/Ludwig_Klages,49.1464,0.2267,1872-12-10 00:00:00
44,St. Maximus the Confessor,,,Johannes Scotus Eriugena:,/wiki/Maximus_the_Confessor,38.894999999999996,-77.03611111111111,580
45,Karel Kosík, (1926–2003),Martin Heidegger:Karl Marx:Edmund Husserl:Georg Lukács:,reception theory:,/wiki/Karel_Kos%C3%ADk,13.636388888888888,0.21666666666666667,1926-06-26 00:00:00
46,Roger Sessions,,,Stanley Cavell:,/wiki/Roger_Sessions,FILL,FILL,FILL
47,Ludwig Andreas Feuerbach, (1804–1872),Hegel:Jacobi:Daub:Luther:Spinoza:Böhme:Schleiermacher:,Nietzsche:Buber:Marx:Darwin:Wagner:Freud:Malaka:Bauer:Engels:Stirner:,/wiki/Ludwig_Andreas_Feuerbach,40.15,18.4833,1804-07-28 00:00:00
48,Warren,,,Lysander Spooner:,/wiki/Josiah_Warren,35.8836,14.4004,1798-06-26 00:00:00
49,Francis Place,,,John Stuart Mill:,/wiki/Francis_Place,FILL,FILL,FILL
50,Luce Irigaray, (born 1930),Jacques Derrida:Martin Heidegger:Sigmund Freud:Emmanuel Levinas:Jacques Lacan:Maurice Merleau-Ponty:,Catherine Malabou:Elizabeth Grosz:Judith Butler:,/wiki/Luce_Irigaray,32.3415,106,1930-05-03 00:00:00
51,Theaetetus,,,Plato:,/wiki/Theaetetus_(mathematician),FILL,FILL,FILL
52,Leo Strauss, (1899–1973),Oakeshott:Gierke:Lucretius:Spengler:Cassirer:Abarbanel:Al Farabi:Löwith:Aristotle:Dubnow:Kojève:Collingwood:Buber:Shestov:Barth:Thucydides:Tocqueville:Grene:Guttmann:Winckelmann:Comte:Riezler:Saadia Gaon:Heidegger:Leibowitz:Locke:Massignon:Talmud:Cassuto:Otto:Mendelssohn:Lessing:Durkheim:Reinhardt:Nietzsche:Hegel:Voegelin:al-Razi:Klein:Daube:Livy:Philo:Tacitus:Zeller:Barker:Spinoza:Rosenzweig:More:Glatzer:Hebrew Bible:Scholem:Kant:Maimonides:Cicero:Talmon:Plato:Aquinas:Founding Fathers:Altmann:Xenophon:Schmitt:Weber:Halevi:Hobbes:Socrates:Rousseau:Avicenna:Machiavelli:Husserl:Aristophanes:Montesquieu:Tawney:Goethe:Jacobi:Ebbinghaus:Cohen:Krauss:,Pangle:Wolfowitz:Wolin:Stoner:Lilla:Gildin:Blumenberg:Thomas:Fortin:Kojève:Kennington:Galston:Grant:Catherine Zuckert:Orwin:Liu:Riezler:Rorty:Pippin:Anastaplo:Goldwin:Davis:Bénéton:Harold Bloom:Gottfried:Ryn:Cropsey:Banfield:Arkes:Brann:Motzkin:Mansfield:Jonas:Mahdi:Arnhart:West:Kristol:Voegelin:Shell:Storing:Adler:Husain:Schall:Bellow:fr:Dry:Lefort:Michael Zuckert:Franco:Cantor:Butterworth:Allan Bloom:Meier:Masters:Rosen:Scholem:Velkley:Aron:Burger:Steiner:Manent:Pocock:Dannhauser:Fackenheim:Shulsky:Benjamin:Levin:Jaffa:Hitchens:Gan:Brague:Schmitt:Lerner:Pines:Drury:Anderson:Speier:Parens:Smith:Scruton:Berkowitz:de:Kinzel:Mendes-Flohr:Gadamer:Fukuyama:Benedict XVI:Lacan:McKeon:Momigliano:Bluhm:Tarcov:Berns:Hassner:Nussbaum:Hancock:Lampert:Žižek:Benardete:Novak:,/wiki/Leo_Strauss,13.636388888888888,0.21666666666666667,1899-09-20 00:00:00
53,Chekhov,,,Lev Shestov:,/wiki/Anton_Chekhov,13.636388888888888,0.21666666666666667,1860-01-29 00:00:00
54,Marquis de Lafayette,,,John Henry Newman:,"/wiki/Gilbert_du_Motier,_Marquis_de_Lafayette",52.4747,1.7536,1757-09-06 00:00:00
55,Ernest Nagel, (1901–1985),John Dewey:Morris Raphael Cohen:Rudolf Carnap:,D. Hofstadter:H. Kyburg:M. Bunge:I. Levi:P. Suppes:,/wiki/Ernest_Nagel,9.8667,124.2167,1901-11-16 00:00:00
56,Christian Hermann Weisse, (1801–1866),Georg Wilhelm Friedrich Hegel:Immanuel Hermann Fichte:Friedrich Wilhelm Joseph Schelling:,Hermann Lotze:,/wiki/Christian_Hermann_Weisse,48.8603,2.3376,1801-08-10 00:00:00
57,Shelly Kagan,,,Derek Parfit:,/wiki/Shelly_Kagan,13.636388888888888,0.21666666666666667,1956
58,Christian Wolff (philosopher), (1679–1754),Zhu Xi:Gottfried Wilhelm Leibniz:Ehrenfried Walther von Tschirnhaus:Wang Yangming:René Descartes:Confucius:Baruch Spinoza:,Arthur Schopenhauer:de:Immanuel Kant:Johann Heinrich Samuel Formey:Søren Kierkegaard:Georg Friedrich Meier:Johann Peter Reusch:Georg Bernhard Bilfinger:Mikhail Lomonosov:Anton Wilhelm Amo:Johann Christoph Gottsched:Johannes Nikolaus Tetens:Emer de Vattel:Moses Mendelssohn:Alexander Gottlieb Baumgarten:Martin Knutzen:Adam Weishaupt:Michael Christoph Hanow:,/wiki/Christian_Wolff_(philosopher),13.636388888888888,0.21666666666666667,1679-01-24 00:00:00
59,Ibn Barrajan,,,Ibn Arabi:,/wiki/Ibn_Barrajan,FILL,FILL,FILL
60,Luis de Molina, (1535–1600),Augustine of Hippo:Thomas Aquinas:,Alvin Plantinga:William Lane Craig:Western Theology:,/wiki/Luis_de_Molina,40.8742,15.3078,1535-09-29 00:00:00
61,Muhammad Iqbal, (1877–1938),Jami:Syed Mir Hassan:Sayyid Ali Hujwiri:Thomas Walker Arnold:Abd al-Karīm al-Jīlī:Bismil Azimabadi:Henri Bergson:Mir Sayyid Ali Hamadani:Johann Wolfgang von Goethe:Vladimir Lenin:Friedrich Nietzsche:Rumi:,Muhammad Ali Jinnah:Abul A'la Maududi:Ale Ahmed Suroor:Syed Jawad Naqvi:Dewan Mohammad Azraf:Muhammad Ishaq Madni:Pakistan Movement:Faiz Ahmed Faiz:Fateh Muhammad Malik:Khushwant Singh:Israr Ahmed:Ali Shariati:Islamic Republic of Pakistan:Muhammad Asad:,/wiki/Muhammad_Iqbal,25.184166666666666,68.71416666666667,1877-11-09 00:00:00
62,Daube,,,Leo Strauss:,/wiki/David_Daube,14.1213,38.7285,1909-02-08 00:00:00
63,Alfred Ayer, (1910–1989),Immanuel Kant:Vienna Circle:Karl Popper:Ludwig Wittgenstein:Bertrand Russell:Voltaire:David Hume:,Mihailo Marković:Peter Strawson:Peter Unger:Ted Honderich:R. M. Hare:,/wiki/Alfred_Ayer,13.636388888888888,0.21666666666666667,1910-10-29 00:00:00
64,Jean-Jacques Rousseau,,,Louis Althusser:,/wiki/Jean-Jacques_Rousseau,13.636388888888888,0.21666666666666667,1712-06-28 00:00:00
65,Friedrich August Wolf,,,Friedrich Schleiermacher:,/wiki/Friedrich_August_Wolf,FILL,FILL,FILL
66,Harry Frankfurt, (born 1929),Kant:Descartes:Wittgenstein:,Susan Wolf:J. David Velleman:Pamela Hieronymi:John Martin Fischer:,/wiki/Harry_Frankfurt,14.1213,38.7285,1929-05-29 00:00:00
67,Jordan of Saxony,,,Albertus Magnus:,/wiki/Jordan_of_Saxony,37.8656,32.4825,1190
68,Johann Heinrich Pestalozzi, (1746–1827),Jean-Jacques Rousseau:,Albert Einstein:Maria Montessori:,/wiki/Johann_Heinrich_Pestalozzi,48.1931,16.371,1746-01-12 00:00:00
69,Cornelius Jansen,,,Antoine Arnauld:,/wiki/Cornelius_Jansen,51.3393,12.3725,1585-10-28 00:00:00
70,Charles Cooley,,,George Herbert Mead:,/wiki/Charles_Cooley,35.2083,114,1864-08-17 00:00:00
71,Zhuang Zhou,) (circa 300 BC),Zhou Era:Chinese thought:Yang Zhu:Laozi:Mozi:Confucius:Hui Shi:,Daoism:Zen:Aleister Crowley:Chinese Buddhism:East Asian philosophies:Alan Watts:,/wiki/Zhuang_Zhou,39.7456,20.0206,0369-11-01 00:00:00
72,Anaximander, (c. 610 BC–c. 546 BC),Thales of Miletus:,Greek astronomy:Pythagoras:Democritus:Heidegger:Anaximenes:,/wiki/Anaximander,38.894999999999996,-77.03611111111111,610
73,Ibn Arabi, (1164–1240),Ibn Masarra:Ibn al-Arif:Ibn Barrajan:Ibn Qasi:Hadith:Qur'an:al-Tamimi:Abu Madyan:,Jami:Yahya Efendi:Shah Waliullah:Abd al-Ghani:Sidi Bou Said:'Iraqi:al-Fanārī:Ibn Ajiba:Shabestari:Ahmed Mohammed al-Maqqari:Ni'matullah:Valsan:Nurbakhsh:Naquib al-Attas:al-Sha'rani:Ismail Hakki Bursevi:Schuon:al-Suyuti:Nasr:Qayṣarī:Fairuzabadi:Nursî:Hamzah Fansuri:Amuli:al-Shushtari:Guénon:al-Jīlī:Qunawi:Abdelkader:Mulla Sadra:Hamadani:Yusuf an-Nabhani:Ibn al-Farid:al-Alawi:Bitlisi:Corbin:Mahmoud:,/wiki/Ibn_Arabi,47.7556,7.5772,1165-07-28 00:00:00
74,Emmanuel Levinas, (1906–1995),Kierkegaard:Marcel:Wahl:Vladimir Jankélévitch:Buber:Rosenzweig:Shestov:Husserl:Henri Bergson:Monsieur Chouchani:Descartes:Heidegger:Maimonides:,Lingis:Butler:Critchley:Dussel:B.-H. Lévy:Bauman:Llewelyn:Bernasconi:Derrida:Marion:Agamben:Ronell:Blanchot:B. Lévy:Finkielkraut:Putnam:Ricoeur:,/wiki/Emmanuel_Levinas,13.636388888888888,0.21666666666666667,1906-01-12 00:00:00
75,Giacomo Leopardi, (1798–1837),Pietro Giordani:Monaldo Leopardi:Baron d'Holbach:Plato:Lucretius:Lucian:Virgil:Torquato Tasso:Vittorio Alfieri:Ugo Foscolo:Homer:,Arthur Schopenhauer:Umberto Saba:Giosuè Carducci:Carlo Michelstaedter:Samuel Beckett:Philipp Mainländer:Miguel de Unamuno:Albert Camus:Francesco De Sanctis:Friedrich Nietzsche:,/wiki/Giacomo_Leopardi,13.636388888888888,0.21666666666666667,1798-06-29 00:00:00
76,Susan Isaacs,,,Cornelius Castoriadis:,/wiki/Susan_Sutherland_Isaacs,13.636388888888888,0.21666666666666667,1885-05-24 00:00:00
77,Shang,,,Confucius:,/wiki/Shang_dynasty,FILL,FILL,FILL
78,Beeckman,,,René Descartes:,/wiki/Isaac_Beeckman,44.3867,6.6531,1588-12-10 00:00:00
79,Raymond Williams, (1921–1988),Louis Althusser:Karl Marx:Antonio Gramsci:,Terry Eagleton:Stuart Hall:Edward Said:,/wiki/Raymond_Williams,13.636388888888888,0.21666666666666667,1921-08-31 00:00:00
80,Evald Vassilievich Ilyenkov, (1924–1979),Hegel:Marx:Lenin:Vygotsky:Spinoza:Engels:,Lev Naumenko:Vasily Davydov:Valerij Kovalenko:Sergei Mareev:,/wiki/Evald_Vassilievich_Ilyenkov,51.1167,20.9167,1924-02-18 00:00:00
81,Hermann Ulrici, (1806–1884),I. H. Fichte:G. W. F. Hegel:,George Sylvester Morris:A. Seth Pringle-Pattison:,/wiki/Hermann_Ulrici,40.8,123,1806-03-23 00:00:00
82,Erhard Weigel,,,Samuel Pufendorf:,/wiki/Erhard_Weigel,13.636388888888888,0.21666666666666667,1625-12-16 00:00:00
83,Rudolf von Jhering, (1818–1892),F. C. von Savigny:Jeremy Bentham:Charles Darwin:,Karl Llewellyn:Philipp Heck:,/wiki/Rudolf_von_Jhering,13.636388888888888,0.21666666666666667,1818-08-22 00:00:00
84,Paul Grice, (1913–1988),Peter Strawson:Aristotle:,Kent Bach:Stephen Levinson:Dan Sperber:Stephen Neale:John Searle:Ernest Lepore:Stephen Schiffer:Jonathan Bennett:Peter Strawson:Deirdre Wilson:,/wiki/Paul_Grice,49.6945,112,1913-03-13 00:00:00
85,Thales of Miletus,,,Anaximander:,/wiki/Thales_of_Miletus,38.894999999999996,-77.03611111111111,-626
86,Pindar,,,Friedrich Nietzsche:,/wiki/Pindar,38.894999999999996,-77.03611111111111,518
87,Zeno of Sidon, (1st century BC),Epicurus:Apollodorus:,Philodemus:,/wiki/Zeno_of_Sidon,24.1333,35.4833,0150-11-01 00:00:00
88,Alexandre Koyre, (1892–1964),Edmund Husserl:Gaston Bachelard:Victor Delbos:André Lalande:Henri Bergson:François Picavet:Léon Brunschvicg:E. A. Burtt:,Alexandre Kojève:Nader El-Bizri:Thomas Kuhn:Paul Feyerabend:Abdel Rahman Badawi:,/wiki/Alexandre_Koyre,13.636388888888888,0.21666666666666667,1892-08-29 00:00:00
89,Józef Maria Bocheński,,,Arthur Prior:,/wiki/J%C3%B3zef_Maria_Boche%C5%84ski,13.636388888888888,0.21666666666666667,1902-08-30 00:00:00
90,Mohammed Abed al-Jabri,,,Enrique Dussel:,/wiki/Mohammed_Abed_al-Jabri,46.3097,44.2553,1935-12-27 00:00:00
91,Radcliffe-Brown,,,Claude Lévi-Strauss:,/wiki/Alfred_Radcliffe-Brown,13.636388888888888,0.21666666666666667,1881-01-17 00:00:00
92,Ludwig von Westphalen,,,Karl Marx:,/wiki/Ludwig_von_Westphalen,38.896388888888886,-77.0261111111111,FILL
93,Milesian school,,,Anaxagoras:,/wiki/Milesian_school,FILL,FILL,FILL
94,Paracelsus, (1493–1541),Neoplatonism:Johannes Trithemius:Marsilio Ficino:Pythagoreanism:Hermeticism:,Giorgio Agamben:Jane Bennett:Jan Baptist van Helmont:Adam Haslmayr:Thomas Muffet:Gabriel François Venel:Sir Thomas Browne:Franciscus Sylvius:,/wiki/Paracelsus,13.636388888888888,0.21666666666666667,1493
95,William Rankine,,,Pierre Duhem:,/wiki/William_Rankine,31.4167,31.8167,1820-07-05 00:00:00
96,Iris Marion Young, (1949–2006),Jürgen Habermas:Jacques Derrida:Michel Foucault:Karl Marx:Simone de Beauvoir:Maurice Merleau-Ponty:,Seyla Benhabib:,/wiki/Iris_Marion_Young,25.6969,32.6422,1949-01-02 00:00:00
97,Georges Sorel, (1847–1922),Ernest Renan:Paul de Rousiers:Aristotle:William Godwin:Pierre-Joseph Proudhon:Charles Darwin:Gustave Le Bon:Karl Marx:William James:Sigmund Freud:Hippolyte Taine:Henri Bergson:Alexis de Tocqueville:Giambattista Vico:Blaise Pascal:Vladimir Lenin:Friedrich Nietzsche:,Hubert Lagardelle:Michel Aflaq:Adolf Hitler:Walter Benjamin:Alain de Benoist:Carl Schmitt:Édouard Berth:Paolo Orano:Julius Evola:Benito Mussolini:Albert Camus:Vladimir Lenin:Curzio Malaparte:Antonio Gramsci:,/wiki/Georges_Sorel,13.636388888888888,0.21666666666666667,1847-11-02 00:00:00
98,Leo the Great,,,John of Damascus:,/wiki/Pope_Leo_I,38.894999999999996,-77.03611111111111,0400-11-01 00:00:00
99,Fredric Jameson, (born 1934),Hegel:Raymond Williams:Ursula K. Le Guin:Ernst Bloch:Walter Benjamin:Karl Marx:Theodor Adorno:Northrop Frye:Erich Auerbach:Kenneth Burke:Frankfurt School:György Lukács:Vladimir Lenin:Philip K. Dick:Darko Suvin:Jean-Paul Sartre:Louis Althusser:,Kim Stanley Robinson:Perry Anderson:Alexander R. Galloway:Mark Fisher:Slavoj Žižek:Gopal Balakrishnan:,/wiki/Fredric_Jameson,38.0333,12.5333,1934-04-14 00:00:00
100,Bleuler,,,Carl Jung:,/wiki/Eugen_Bleuler,13.636388888888888,0.21666666666666667,1857-04-30 00:00:00
101,Sōseki,,,Watsuji Tetsuro:,/wiki/Natsume_S%C5%8Dseki,13.636388888888888,0.21666666666666667,1867-02-09 00:00:00
102,Ludwig Wittgenstein, (1889–1951),Johann Georg Hamann:Heinrich Hertz:Leo Tolstoy:William James:Fyodor Dostoyevsky:G. E. Moore:Otto Weininger:Bertrand Russell:Oswald Spengler:Piero Sraffa:Gottlob Frege:Augustine of Hippo:Arthur Schopenhauer:Karl Kraus:Hermann von Helmholtz:Adolf Loos:Søren Kierkegaard:Frank P. Ramsey:L. E. J. Brouwer:Ludwig Boltzmann:Georg Christoph Lichtenberg:Johann Wolfgang von Goethe:,Gilbert Ryle:Quentin Skinner:Ian Hacking:Vienna Circle:Stephen Toulmin:Jon Fosse:G. E. Moore:Bertrand Russell:James F. Conant:Alice Crary:Noam Chomsky:Rudolf Carnap:Saul Kripke:Hans Sluga:G. E. M. Anscombe:Peter Hacker:Alan Turing:Frank P. Ramsey:Thomas Kuhn:Norman Malcolm:Paul Feyerabend:John Searle:Daniel Dennett:Cora Diamond:Crispin Wright:James Tully:Talal Asad:,/wiki/Ludwig_Wittgenstein,51.0862,8.0902,1889-04-26 00:00:00
103,Hugo Münsterberg,,,Morris Raphael Cohen:,/wiki/Hugo_M%C3%BCnsterberg,41.4239,91.0558,1863-06-01 00:00:00
104,Constantin Pecqueur,,,Karl Marx:,/wiki/Constantin_Pecqueur,FILL,FILL,FILL
105,William Wollaston, (1659–1724),Cudworth:Clarke:Locke:Newton:Cumberland:Descartes:,John Conybeare:Samuel Johnson:John Clarke:,/wiki/William_Wollaston,50.0821,8.2414,1659-03-26 00:00:00
106,Max Stirner, (1806–1856),Hegel:Epicurus:Fichte:Proudhon:Sade:Feuerbach:Goethe:Yang:Bauer:Smith:,Vaneigem:Gross:Armand:Mühsam:Tucker:Wilson:Mackay:Novatore:Read:Mencken:Camus:Black:Engels:Evola:Brassier:Newman:Igualada:Jünger:Brand:Landauer:Pisarev:Steiner:Marsden:Freud:Arrigoni:Goldman:Bahnsen:Byington:Marx:Adler:Reich:Schmitt:,/wiki/Max_Stirner,51.1252,7.9052,1806-10-25 00:00:00
107,G. E. L. Owen,,,Martha Nussbaum:,/wiki/G._E._L._Owen,55.2861,23.9778,1922-05-18 00:00:00
108,Mozi,) (c. 470 – c. 390 BC),,Zhuang Zhou:Chinese Buddhism:Logicians:Taoism:Eastern philosophy:,/wiki/Mozi,40.7313,13.8957,0470-11-01 00:00:00
109,Lactantius,,,Augustine of Hippo:,/wiki/Lactantius,FILL,FILL,FILL
110,Hélène Metzger,,,Thomas Samuel Kuhn:,/wiki/H%C3%A9l%C3%A8ne_Metzger,13.636388888888888,0.21666666666666667,1889-08-26 00:00:00
111,Roland Barthes, (1915–1980),Nietzsche:Lacan:Bataille:Michelet:Lyotard:Marx:Saussure:Valéry:Sartre:Freud:,Benoît Peeters:James Wood:Michel Foucault:Gérard Genette:Susan Sontag:Stuart Hall:Jean Baudrillard:Eric de Kuyper:Philippe-Joseph Salazar:Julia Kristeva:,/wiki/Roland_Barthes,48.8721,2.3433,1915-11-12 00:00:00
112,Alexander Herzen, (1812–1870),Proudhon:Hegel:Rousseau:Voltaire:,Nietzsche:Guevara:Bakunin:Marx:Lenin:Mao:Darwin:Sartre:Stalin:Engels:Berlin:Freud:Trotsky:Castro:Frankfurt School:Kropotkin:Goldman:,/wiki/Alexander_Herzen,13.636388888888888,0.21666666666666667,1812-04-06 00:00:00
113,David Wiggins, (born 1933),,John McDowell:Jonathan Westphal:Jonathan Dancy:,/wiki/David_Wiggins,37.0667,41.2167,1933-03-08 00:00:00
114,Philippa Foot, (1920–2010),Aristotle:Ludwig Wittgenstein:Thomas Nagel:G. E. M. Anscombe:Thomas Aquinas:,Candace Vogler:Bernard Williams:Judith Jarvis Thomson:Rosalind Hursthouse:John McDowell:Michael Slote:,/wiki/Philippa_Foot,13.636388888888888,0.21666666666666667,1920-10-03 00:00:00
115,Franz Albert Schultz,,,Martin Knutzen:,/wiki/Franz_Albert_Schultz,FILL,FILL,FILL
116,Errico Malatesta, (1853–1932),Pierre-Joseph Proudhon:Mikhail Bakunin:Peter Kropotkin:Carlo Cafiero:Élisée Reclus:,anarchism in Argentina:Virginia Bolten:FORA:Élisée Reclus:Antonio Gramsci:,/wiki/Errico_Malatesta,34.1558,73.2194,1853-12-14 00:00:00
117,Gottfried Wilhelm Leibniz,,,Robert Merrihew Adams:,/wiki/Gottfried_Wilhelm_Leibniz,52.365,9.731111111111112,1646-07-01 00:00:00
118,Robert Nozick, (1938–2001),Immanuel Kant:H.L. Mencken:Ludwig Von Mises:Milton Friedman:Henry Hazlitt:Sidney Morgenbesser:Friedrich von Hayek:John Locke:John Stuart Mill:Carl Gustav Hempel:Edmund Gettier:Murray Rothbard:,Roderick Long:Thomas Ernest Woods Jr.:Rand Paul:Walter Block:Ron Paul:Hans-Hermann Hoppe:Jan Narveson:David Schmidtz:Stefan Molyneux:Thomas Sowell:Lew Rockwell:Tamar Gendler:,/wiki/Robert_Nozick,52.2111,5.2922,1938-11-16 00:00:00
119,W. V. O. Quine, (1908–2000),Rudolf Carnap:Alfred Tarski:Vienna Circle:Pierre Duhem:A. N. Whitehead:Bertrand Russell:C. I. Lewis:B. F. Skinner:,Hao Wang:Donald Davidson:Roger Gibson:Daniel Dennett:David Lewis:Penelope Maddy:Hilary Putnam:Dagfinn Føllesdal:Noam Chomsky:Gilbert Harman:Peter van Inwagen:Richard Rorty:,/wiki/W._V._O._Quine,34.9514,120,1908-06-25 00:00:00
120,Nicholas Wolterstorff, (born 1932),Alvin Plantinga:Thomas Reid:William Harry Jellema:John Calvin:Abraham Kuyper:Augustine of Hippo:,Gary Chartier:David Claerbaut:Kendall Walton:,/wiki/Nicholas_Wolterstorff,13.636388888888888,0.21666666666666667,1932-01-21 00:00:00
121,Miguel de Unamuno, (1864–1936),Kierkegaard:Sarmiento:St. Augustine:Marcus Aurelius:Rousseau:Pascal:,Joxe Azurmendi:Txillardegi:José Ortega y Gasset:,/wiki/Miguel_de_Unamuno,13.636388888888888,0.21666666666666667,1864-09-29 00:00:00
122,Leskien,,,Ferdinand de Saussure:,/wiki/August_Leskien,13.636388888888888,0.21666666666666667,1840-07-08 00:00:00
123,Arthur Prior, (1914–1969),William Ernest Johnson:Charles Sanders Peirce:Józef Maria Bocheński:J. N. Findlay:Jan Łukasiewicz:,Max Cresswell:Robert Bull:Kit Fine:Ruth Barcan Marcus:John Lemmon:,/wiki/Arthur_Prior,13.636388888888888,0.21666666666666667,1914-12-04 00:00:00
124,Jean-Luc Nancy, (born 1940),Nietzsche:Hegel:Bataille:Lacoue-Labarthe:Schelling:Granel:Derrida:Blanchot:Freud:Baudelaire:Simone Weil:Heidegger:,Avital Ronell:Shaj Mohan:Lacoue-Labarthe:Karimi:Esposito:Derrida:Agamben:Werner Hamacher:Blanchot:Todd May:Claire Denis:Divya Dwivedi:,/wiki/Jean-Luc_Nancy,47.5919,7.5844,1940-07-26 00:00:00
125,Genet,,,Jacques Derrida:,/wiki/Jean_Genet,33.7475,116,1910-12-19 00:00:00
126,Kurt Koffka, (1886–1941),Carl Stumpf:,Lev Vygotsky:Maurice Merleau-Ponty:Kurt Lewin:,/wiki/Kurt_Koffka,35.1992,111,1886-03-17 00:00:00
127,Eleusinian Mysteries,,,Plato:,/wiki/Eleusinian_Mysteries,FILL,FILL,FILL
128,Marmontel,,,John Stuart Mill:,/wiki/Jean-Fran%C3%A7ois_Marmontel,FILL,FILL,FILL
129,John Shelby Spong,,,Rudolf Bultmann:,/wiki/John_Shelby_Spong,37.8833,15.3,1931-06-16 00:00:00
130,Peter Hacker,,,Joseph Raz:,/wiki/Peter_Hacker,13.636388888888888,0.21666666666666667,1939-07-15 00:00:00
131,Brian Ellis,,,Frank Cameron Jackson:,/wiki/Brian_David_Ellis,14.542222222222222,49.12416666666667,1929
132,Georg Friedrich Meier, (1718–1777),A. G. Baumgarten:,Immanuel Kant:,/wiki/Georg_Friedrich_Meier,41.8833,16.1667,1718-03-26 00:00:00
133,Jean Cavaillès, (1903–1944),Bernard Bolzano:Léon Brunschvicg:,Gilles-Gaston Granger:Georges Canguilhem:Jean Hyppolite:Louis Althusser:Jules Vuillemin:,/wiki/Jean_Cavaill%C3%A8s,56.0458,12.6944,1903-05-15 00:00:00
134,Lawrence,,,Gilles Deleuze:,/wiki/D._H._Lawrence,39.21638888888889,9.116388888888888,1885-09-11 00:00:00
135,Peter Wessel Zapffe, (1899–1990),Arthur Schopenhauer:Henrik Ibsen:Henri-Frédéric Amiel:Sigmund Freud:Friedrich Nietzsche:Jakob Johann von Uexküll:,Herman Tønnessen:Thomas Ligotti:,/wiki/Peter_Wessel_Zapffe,13.636388888888888,0.21666666666666667,1899-12-18 00:00:00
136,Polemo,,,Arcesilaus:,/wiki/Polemon_(scholarch),FILL,FILL,FILL
137,Alberico Gentili,,,Hugo Grotius:,/wiki/Alberico_Gentili,13.636388888888888,0.21666666666666667,1552-01-14 00:00:00
138,Thrasymachus of Corinth,,,Stilpo:,/wiki/Thrasymachus_of_Corinth,FILL,FILL,FILL
139,Strato of Lampsacus, (c. 340 – c. 268 BC),Aristotle:Theophrastus:,Pierre Bayle:,/wiki/Strato_of_Lampsacus,39.1036,26.5331,0335-11-01 00:00:00
140,Paul Ricœur, (1913–2005),Marcel:Hegel:Levinas:Mounier:Benveniste:Husserl:Jakobson:Jaspers:Gadamer:Kant:,Richard Kearney:Jacques Derrida:Enrique Dussel:Don Ihde:Michel Henry:Cornelius Castoriadis:,/wiki/Paul_Ric%C5%93ur,13.636388888888888,0.21666666666666667,1913-02-27 00:00:00
141,Adolf Loos,,,Ludwig Wittgenstein:,/wiki/Adolf_Loos,13.636388888888888,0.21666666666666667,1870-12-10 00:00:00
142,Charles Stevenson,,,Allan Gibbard:,/wiki/Charles_Stevenson_(philosopher),13.636388888888888,0.21666666666666667,1908-06-27 00:00:00
143,Arthur Oncken Lovejoy, (1873–1962),,George Boas:,/wiki/Arthur_Oncken_Lovejoy,33.8031,117,1873-10-10 00:00:00
144,Parsons,,,Jürgen Habermas:,/wiki/Talcott_Parsons,34.9514,120,1902-12-13 00:00:00
145,Louis Gabriel Ambroise de Bonald, (1754–1840),Augustine of Hippo:Aristotle:Chateaubriand:Goldsmith:Plato:Pascal:Malebranche:Tacitus:Bossuet:Malthus:Socrates:Hénault:Joseph de Maistre:Leibniz:Rousseau:Thomas Aquinas:,Durkheim:Joseph de Maistre:Léon Duguit:Charles Maurras:Juan Donoso Cortés:Carl Schmitt:Balzac:Comte:Louis Veuillot:Lamennais:René de La Tour du Pin:Frédéric Le Play:Chateaubriand:Julius Evola:,/wiki/Louis_Gabriel_Ambroise_de_Bonald,13.636388888888888,0.21666666666666667,1754-10-02 00:00:00
146,Hermann Lotze, (1817–1881),F. W. J. Schelling:E. H. Weber:Johann Gottlieb Fichte:Alfred Wilhelm Volkmann:G. W. F. Hegel:Christian Hermann Weisse:Johann Friedrich Herbart:Jakob Friedrich Fries:Gustav Theodor Fechner:,James Ward:Wilhelm Windelband:Edmund Husserl:T. H. Green:George Trumbull Ladd:Georg Elias Müller:Josiah Royce:William James:Bertrand Russell:Borden Parker Bowne:Hermann Helmholtz:Carl Stumpf:Gottlob Frege:,/wiki/Hermann_Lotze,31.7781,35.2353,1817-05-21 00:00:00
147,Ernst Troeltsch, (1865–1923),Albrecht Ritschl:Max Weber:,James Luther Adams:H. Richard Niebuhr:,/wiki/Ernst_Troeltsch,13.636388888888888,0.21666666666666667,1865-02-17 00:00:00
148,Maria de Naglowska,,,Georges Bataille:,/wiki/Maria_de_Naglowska,FILL,FILL,FILL
149,Henri Lefebvre, (1901–1991),Gaston Bachelard:Friedrich Engels:François Rabelais:Martin Heidegger:Karl Marx:Heraclitus:Maurice Merleau-Ponty:Roland Barthes:Kostas Axelos:G. W. F. Hegel:Vladimir Lenin:Friedrich Nietzsche:Jean-Jacques Rousseau:,Guy Debord:Situationist International:Michel de Certeau:Raoul Vaneigem:Edward Soja:Mark Poster:David Harvey:Neil Smith:Jean Baudrillard:Fredric Jameson:Jean-Paul Sartre:,/wiki/Henri_Lefebvre,37.8833,15.3,1901-06-16 00:00:00
150,John the Evangelist,,,Hildegard of Bingen:,/wiki/John_the_Evangelist,31.9485,34.889,FILL
151,Reinhardt,,,Leo Strauss:,/wiki/Karl_Reinhardt_(philologist),FILL,FILL,FILL
152,Pherecydes,,,Pythagoras:,/wiki/Pherecydes_of_Syros,37.3167,13.5833,0580-11-01 00:00:00
153,Charles Leslie Stevenson, (1908–1979),I. A. Richards:Ralph Barton Perry:Ludwig Wittgenstein:G. E. Moore:David Hume:,William Fontaine:Allan Gibbard:,/wiki/Charles_Leslie_Stevenson,13.636388888888888,0.21666666666666667,1908-06-27 00:00:00
154,Bas C. van Fraassen, (born 1941),Hans Reichenbach:Adolf Grünbaum:Wilfrid Sellars:Albert Camus:Jean-Paul Sartre:,Alvin Plantinga:Arthur Fine:Elisabeth Lloyd:Nancy Cartwright:Hans Halvorson:Michael Rea:,/wiki/Bas_C._van_Fraassen,40.9373,24.4057,1941-04-05 00:00:00
155,Ranajit Guha,,,Gayatri Chakravorty Spivak:,/wiki/Ranajit_Guha,FILL,FILL,FILL
156,Stephen Toulmin,,,Kurt Baier:,/wiki/Stephen_Toulmin,13.636388888888888,0.21666666666666667,1922-03-25 00:00:00
157,Hénault,,,Louis Gabriel Ambroise de Bonald:,/wiki/Charles-Jean-Fran%C3%A7ois_H%C3%A9nault,39.0167,16.7833,1685-02-08 00:00:00
158,Martha Nussbaum, (born 1947),Aristotle:Bernard Williams:G. E. L. Owen:Amartya Sen:John Stuart Mill:John Rawls:Adam Smith:Catharine MacKinnon:,David G. Hebert:Elizabeth S. Anderson:Louise Antony:Amartya Sen:Linda Martín Alcoff:,/wiki/Martha_Nussbaum,35.253055555555555,-77.01444444444445,1947-05-06 00:00:00
159,Karl Leonhard Reinhold, (1757–1823),Immanuel Kant:Christoph Martin Wieland:John Spencer:Christoph Gottfried Bardili:,Salomon Maimon:Friedrich Schiller:Adolf Trendelenburg:Johann Gottlieb Fichte:August Ludwig Hülsen:Jakob Friedrich Fries:,/wiki/Karl_Leonhard_Reinhold,52.4747,1.7536,1757-10-26 00:00:00
160,Henri-Frédéric Amiel,,,Peter Wessel Zapffe:,/wiki/Henri-Fr%C3%A9d%C3%A9ric_Amiel,6.1283,100.363,1821-09-27 00:00:00
161,Gustav Hugo,,,Friedrich Karl von Savigny:,/wiki/Gustav_Hugo,FILL,FILL,FILL
162,Carl Stumpf, (1848–1936),Bernard Bolzano:Franz Brentano:Hermann Lotze:,Edmund Husserl:Kurt Koffka:Max Scheler:George Stout:Kurt Lewin:Wolfgang Köhler:Robert Musil:,/wiki/Carl_Stumpf,43.7758,7.5028,1848-04-21 00:00:00
163,Herbert James Paton,,,Gilbert Ryle:,/wiki/Herbert_James_Paton,33.9657,118,1887-03-30 00:00:00
164,Johann Gottfried Herder, (1744–1803),Immanuel Kant:Johann Joachim Winckelmann:Kalidasa:Johann Georg Hamann:Thomas Blackwell:Baruch Spinoza:Thomas Abbt:,Friedrich Schleiermacher:Wilhelm Dilthey:Walter Rauschenbusch:Franz Boas:Johann Christoph Adelung:Ľudovít Štúr:Hippolyte Taine:G. W. F. Hegel:J. S. Mill:Wilhelm von Humboldt:August Wilhelm Schlegel:Johann Wolfgang von Goethe:Karl Wilhelm Friedrich Schlegel:Friedrich Nietzsche:,/wiki/Johann_Gottfried_Herder,9.8667,124.2167,1744-08-25 00:00:00
165,Pierre Teilhard de Chardin, (1881–1955),Charles Darwin:Karl Marx:Ignatius of Loyola:Sigmund Freud:Origen:John the Evangelist:Voltaire:Henri Bergson:Paul the Apostle:David Hume:Friedrich Nietzsche:Jean-Jacques Rousseau:Edward Gibbon:,Henri de Lubac:Thomas Berry:Julian Huxley:Marshall McLuhan:Theodosius Dobzhansky:Frank Tipler:Pope Benedict XVI:Pope Francis:,/wiki/Pierre_Teilhard_de_Chardin,33.7951,10.8703,1881-05-01 00:00:00
166,Gaëtan Gatian de Clérambault,,,Jacques Lacan:,/wiki/Ga%C3%ABtan_Gatian_de_Cl%C3%A9rambault,13.636388888888888,0.21666666666666667,2021-03-01 00:00:00
167,Borden Parker Bowne, (1847–1910),Immanuel Kant:George Berkeley:Hermann Lotze:Gottfried Wilhelm Leibniz:René Descartes:,Randall Auxier:T. C. Chao:John W. E. Bowen Sr.:Walter George Muelder:,/wiki/Borden_Parker_Bowne,41.2278,111,1847-01-14 00:00:00
168,Petrus Ramus, (1515–1572),,Jean Bodin:,/wiki/Petrus_Ramus,13.636388888888888,0.21666666666666667,1515
169,Hans Reichenbach, (1891–1953),Kurt Grelling:Paul Hensel:,Carl Gustav Hempel:Takiyettin Mengüşoğlu:Hilmi Ziya Ülken:İoanna Kuçuradi:,/wiki/Hans_Reichenbach,FILL,FILL,FILL
170,Friedrich Albert Lange, (1828–1875),Hermann von Helmholtz:Immanuel Kant:,Friedrich Nietzsche:Hermann Cohen:Eduard Bernstein:,/wiki/Friedrich_Albert_Lange,13.636388888888888,0.21666666666666667,1828-09-28 00:00:00
171,Thomas Samuel Kuhn, (1922–1996),Immanuel Kant:Karl Popper:Émile Meyerson:Hélène Metzger:Herbert Butterfield:Ludwig Wittgenstein:Alexandre Koyré:John Hasbrouck Van Vleck:Norwood Russell Hanson:Michael Polanyi:Anneliese Maier:Jean Piaget:Ludwik Fleck:,Imre Lakatos:Paul Feyerabend:Philip Kitcher:Martin Cohen:,/wiki/Thomas_Samuel_Kuhn,13.636388888888888,0.21666666666666667,1922-07-18 00:00:00
172,David Hume, (1711–1776),Bayle:Berkeley:Locke:Newton:Malebranche:Hutcheson:Hobbes:Smith:Rousseau:Cicero:,Keynes:James:Voltaire:Mackie:Rousseau:Smith:Mill:Dennett:Hamilton:Husserl:Fodor:Kant:Ayer:Blackburn:Schopenhauer:Einstein:Jefferson:Hamann:Popper:Chomsky:Russell:Deleuze:Western philosophy:Gibbon:Paine:Marx:Reid:Madison:Borges:,/wiki/David_Hume,42.783055555555556,-85.51277777777777,2021-05-07 00:00:00
173,David Strauss,,,Bruno Bauer:,/wiki/David_Strauss,FILL,FILL,FILL
174,John Chrysostum,,,John of Damascus:,/wiki/John_Chrysostom,38.894999999999996,-77.03611111111111,347
175,Victor Delbos,,,Alexandre Koyre:,/wiki/Victor_Delbos,FILL,FILL,FILL
176,Étienne Pascal,,,Blaise Pascal:,/wiki/%C3%89tienne_Pascal,FILL,FILL,FILL
177,Classic of Poetry,,,Confucius:,/wiki/Classic_of_Poetry,FILL,FILL,FILL
178,Gian Domenico Romagnosi,,,Antonio Rosmini-Serbati:,/wiki/Gian_Domenico_Romagnosi,43.6045,1.444,1761-12-11 00:00:00
179,Claude Esteban,,,Stanley Cavell:,/wiki/Claude_Esteban,13.636388888888888,0.21666666666666667,1935-07-26 00:00:00
180,Sydney Morgenbesser,,,Jerry Fodor:,/wiki/Sidney_M,FILL,FILL,FILL
181,Schuler,,,Ludwig Klages:,/wiki/Alfred_Schuler,13.636388888888888,0.21666666666666667,1865-11-22 00:00:00
182,Utopian Socialists,,,John Stuart Mill:,/wiki/Utopian_socialism,FILL,FILL,FILL
183,Nicolas Malebranche, (1638–1715),René Descartes:St. Augustine:Thomas Aquinas:,Louis Gabriel Ambroise de Bonald:Montesquieu:George Berkeley:Louis Lavelle:Alain Badiou:Jacob Bernoulli:Giambattista Vico:Augusto Del Noce:Joseph de Maistre:David Hume:Leibniz:J.-J. Rousseau:John Henry Newman:,/wiki/Nicolas_Malebranche,63.8269,20.2669,1638-08-06 00:00:00
184,Sayyid Ali Hujwiri,,,Muhammad Iqbal:,/wiki/Ali_Hujwiri,51.45,1.152,1009-08-14 00:00:00
185,Carl Schmitt, (1888–1985),Edmund Burke:Immanuel Kant:Max Weber:Plato:Søren Kierkegaard:Thomas Hobbes:Georg Wilhelm Friedrich Hegel:Juan Donoso Cortés:Leo Strauss:Joseph de Maistre:René Guénon:Niccolò Machiavelli:Jean-Jacques Rousseau:,Jacob Taubes:Mario Tronti:Slavoj Žižek:Jacques Derrida:Mark Lilla:Hannah Arendt:Copenhagen School:Reinhart Koselleck:Jürgen Habermas:Giorgio Agamben:Hans Morgenthau:Alain de Benoist:Leo Strauss:Chantal Mouffe:Ernst Jünger:Jiang Shigong:Jaime Guzmán:Walter Benjamin:Antonio Negri:,/wiki/Carl_Schmitt,34.9514,120,1888-07-11 00:00:00
186,Sabina Spielrein,,,Jean Piaget:,/wiki/Sabina_Spielrein,13.636388888888888,0.21666666666666667,1885-11-07 00:00:00
187,Claude Adrien Helvétius, (1715–1771),Condillac:Locke:,Nietzsche:Beccaria:Marx:Darwin:Bentham:Freud:Plekhanov:,/wiki/Claude_Adrien_Helv%C3%A9tius,26.5833,106.7167,1715-01-26 00:00:00
188,Rhees,,,Dewi Zephaniah Phillips:,/wiki/Rush_Rhees,39.0333,121.7667,1905-03-19 00:00:00
189,Curt Ducasse, (1881–1969),Josiah Royce:William James:,Roderick Chisholm:Wilfrid Sellars:,/wiki/Curt_Ducasse,5.42,100.33388888888888,1881-07-07 00:00:00
190,Adurbad-e Mahrspandan,,,Ibn Miskawayh:,/wiki/Adurbad-i_Mahraspand,26.0,60.0,FILL
191,Rudolf Christoph Eucken, (1846–1926),Aristotle:Teichmüller:Aquinas:Lotze:Trendelenburg:,Max Scheler:Evelyn Underhill:W. R. Boyce Gibson:Abel J. Jones:,/wiki/Rudolf_Christoph_Eucken,51.8458,16.5806,1846-01-05 00:00:00
192,Peter of Spain,,,Jean Buridan:,/wiki/Peter_of_Spain,FILL,FILL,FILL
193,Platonism,,,Philo:,/wiki/Platonism,FILL,FILL,FILL
194,José Ortega y Gasset, (1883–1955),Arthur Schopenhauer:Immanuel Kant:Edmund Husserl:Wilhelm Dilthey:Max Scheler:Paul Natorp:John Stuart Mill:Henri Bergson:Alexis de Tocqueville:Miguel de Unamuno:Hermann Cohen:Wilhelm von Humboldt:C. S. Peirce:Friedrich Nietzsche:José Ingenieros:,Graham Harman:José Antonio Primo de Rivera:José Gaos:Gregory Areshian:Xavier Zubiri:Generation of '27:María Zambrano:Alain de Benoist:Olavo de Carvalho:Mario Vargas Llosa:Julián Marías:Albert Jay Nock:Davud Monshizadeh:Antonio Machado:,/wiki/Jos%C3%A9_Ortega_y_Gasset,13.636388888888888,0.21666666666666667,1883-05-09 00:00:00
195,Katherine Boyle Jones,,,Robert Boyle:,"/wiki/Katherine_Jones,_Viscountess_Ranelagh",13.636388888888888,0.21666666666666667,1615-03-22 00:00:00
196,Timon,,,Aenesidemus:,/wiki/Timon_of_Phlius,38.894999999999996,-77.03611111111111,0320-11-01 00:00:00
197,Halevi,,,Leo Strauss:,/wiki/Judah_Halevi,13.636388888888888,0.21666666666666667,1075
198,David Gauthier, (born 1932),John Locke:Thomas Hobbes:,Geoffrey Sayre-McCord:Jan Narveson:Peter Vallentyne:,/wiki/David_Gauthier,43.7808,11.2823,1932-09-10 00:00:00
199,Heinrich Schlier,,,Rudolf Bultmann:,/wiki/Heinrich_Schlier,FILL,FILL,FILL
200,Dawud al-Zahiri,,,Ibn Hazm:,/wiki/Dawud_al-Zahiri,42.6952,23.4062,815
201,Vienna Circle,,,Alfred Ayer:,/wiki/Vienna_Circle,FILL,FILL,FILL
202,Emmanuel Mounier, (1905–1950),Plato:Jacques Chevalier:Henri Bergson:Charles Péguy:Marc Sangnier:Jacques Maritain:,Abbé Pierre:Pierre Trudeau:Ngo Dinh Nhu:Paul Ricœur:,/wiki/Emmanuel_Mounier,46.6425,14.3377,1905-04-01 00:00:00
203,Johannes Scottus Eriugena,,,Meister Eckhart:,/wiki/John_Scotus_Eriugena,38.894999999999996,-77.03611111111111,800
204,Gilbert Ryle, (1900–1976),René Descartes:Edmund Husserl:Ludwig Wittgenstein:Herbert James Paton:,G. A. Cohen:P. F. Strawson:Ullin Place:Michael Dummett:John Searle:Wilfrid Sellars:Daniel Dennett:A. J. Ayer:Þorsteinn Gylfason:J. J. C. Smart:J. L. Austin:Clifford Geertz:R. M. Hare:Richard Webster:,/wiki/Gilbert_Ryle,5.4,100.2333,1900-08-19 00:00:00
205,Voltaire, (1694–1778),Jacques-Bénigne Bossuet:Emilie de Chatelet:Lucretius:Isaac Newton:Alexander Pope:Pierre Bayle:Francis Bacon:Pierre Corneille:William Shakespeare:Gottfried Wilhelm Leibniz:Virgil:John Locke:Ibn Tufail:Confucius:Jean Racine:Cicero:Plato:Lucian:Jean Meslier:Epicurus:Homer:Moliere:Miguel de Cervantes:,Emilie de Chatelet:Lord Byron:Christopher Hitchens:Kermani:Jean-Jacques Rousseau:Percy Bysshe Shelley:Vissarion Belinsky:Catherine the Great:Jorge Luis Borges:Napoleon:Mary Wollstonecraft:Karl Marx:Jeremy Bentham:Thomas Paine:David Strauss:William Godwin:Victor Hugo:Gustave Flaubert:Alexander Herzen:Denis Diderot:Johann Wolfgang von Goethe:Frederick the Great:Friedrich Nietzsche:,/wiki/Voltaire,48.8578,2.3801,1694-11-21 00:00:00
206,Othmar Spann, (1878–1950),Adam Müller:,Oskar Morgenstern:Eric Voegelin:Gottfried Haberler:Herman Dooyeweerd:Friedrich Hayek:,/wiki/Othmar_Spann,47.3333,123.9667,1878-10-01 00:00:00
207,Charles Taylor (philosopher), (born 1931),Daniel Bell:Émile Durkheim:Johann Georg Hamann:Martin Heidegger:Hans-Georg Gadamer:William James:Dame Iris Murdoch:G. W. F. Hegel:Gilles Lipovetsky:Maurice Merleau-Ponty:George Herbert Mead:Aristotle:Max Weber:Wilfred Cantwell Smith:Alexander von Humboldt:Hubert Dreyfus:Plato:Paul Ricœur:Karl Marx:Alexis de Tocqueville:Michael Polanyi:John McDowell:Sir Isaiah Berlin:Ludwig Wittgenstein:Johann Gottfried Herder:Christopher Lasch:,Axel Honneth:Michael J. Sandel:Nikolas Kompridis:Craig Calhoun:Jack Layton:Alain Touraine:Mark Stuart Edwards:David Lyon:Joseph Augustine Di Noia:Charles Lindholm:Sean Dorrance Kelly:Robert N. Bellah:Hans Joas:Daniel A. Bell:Ken Wilber:Guy Laforest:Christian Smith:Kwame Anthony Appiah:Mary Poovey:Michael Walzer:James K. A. Smith:Bhikhu Parekh:James Tully:,/wiki/Charles_Taylor_(philosopher),13.636388888888888,0.21666666666666667,1931-11-05 00:00:00
208,Murray Rothbard,,,Robert Nozick:,/wiki/Murray_Rothbard,13.636388888888888,0.21666666666666667,1926-03-02 00:00:00
209,Albert Einstein, (1879–1955),Arthur Schopenhauer:Thomas Young:Hendrik Lorentz:Bernhard Riemann:Gottfried Wilhelm Leibniz:Isaac Newton:Ernst Mach:Hermann Minkowski:James Clerk Maxwell:Moritz Schlick:David Hume:Baruch Spinoza:Michele Besso:,modern physicists:,/wiki/Albert_Einstein,32.5181,36.4817,1879-03-14 00:00:00
210,Blavatsky,,,Vladimir Solovyov (philosopher):,/wiki/Helena_Blavatsky,13.636388888888888,0.21666666666666667,2021-08-12 00:00:00
211,Ernst Schröder,,,Ernst Mally:,/wiki/Ernst_Schr%C3%B6der_(mathematician),49.1464,0.2267,1841-11-25 00:00:00
212,Thomas Cajetan, (1469–1534),Aristotle:Saint Jerome:Averroes:Pico della Mirandola:St. Thomas Aquinas:Saint Augustine:Duns Scotus:,Étienne Gilson:Ralph McInerny:Henri de Lubac:,/wiki/Thomas_Cajetan,41.3247,19.8219,1469-02-20 00:00:00
213,Apollonius,,,Marcus Aurelius:,/wiki/Apollonius_of_Chalcedon,FILL,FILL,FILL
214,Samuel Alexander, (1859–1938),Immanuel Kant:Bertrand Russell:T. H. Green:F. H. Bradley:Baruch Spinoza:,Alfred North Whitehead:John Anderson:,/wiki/Samuel_Alexander,45.8833,11.05,1859-01-06 00:00:00
215,William Gilbert,,,Francis Bacon:,/wiki/William_Gilbert_(physician),13.636388888888888,0.21666666666666667,1544-05-24 00:00:00
216,Al-Farabi, (870–950),Aristotle:Plato:Ptolemy:Al-Kindi:Porphyry:,Al Amiri:Shahab al-Din Suhrawardi:Albertus Magnus:Mulla Sadra:Abu Sulayman Sijistani:Yahya ibn Adi:Averroes:Abū Hayyān al-Tawhīdī:Ibn Bajjah:Leo Strauss:Avicenna:Maimonides:,/wiki/Al-Farabi,38.894999999999996,-77.03611111111111,872
217,Lukács,,,Theodor Adorno:,/wiki/Gy%C3%B6rgy_Luk%C3%A1cs,13.636388888888888,0.21666666666666667,1885-04-13 00:00:00
218,Chou Tun-Yi,) (1017–1073),Mencius:Confucius:,Zhu Xi:Cheng Yi:Cheng Hao:,/wiki/Chou_Tun-Yi,52.37388888888889,4.889444444444444,1017
219,Christmas Humphreys,,,Alan Watts:,/wiki/Christmas_Humphreys,13.636388888888888,0.21666666666666667,1901-02-15 00:00:00
220,Sextus Empiricus, (2nd/3rd century),Agrippa:Aenesidemus:Pyrrho:Herodotus of Tarsus:Timon of Phlius:,Hegel:Edmund Husserl:Nassim Taleb:Michel de Montaigne:Friedrich Nietzsche:David Hume:Descartes:,/wiki/Sextus_Empiricus,37.6381,21.6306,0160-11-01 00:00:00
221,al-Masihi,,,Avicenna:,/wiki/Abu_Sahl_%27Isa_ibn_Yahya_al-Masihi,FILL,FILL,FILL
222,Domingo Faustino Sarmiento,,,Mario Bunge:,/wiki/Domingo_Faustino_Sarmiento,43.9358,120,1811-02-15 00:00:00
223,Nicolas Chamfort,,,Emil Cioran:,/wiki/Nicolas_Chamfort,46.6221,14.3094,1741-04-06 00:00:00
224,Andre Breton,,,Guy Debord:,/wiki/Andr%C3%A9_Breton,13.636388888888888,0.21666666666666667,1896-02-19 00:00:00
225,Herman Boerhaave,,,Julien Offray de La Mettrie:,/wiki/Herman_Boerhaave,13.4522,144.7703,1668-12-31 00:00:00
226,Herbert Marcuse, (1898–1979),Friedrich Pollock:Immanuel Kant:Edmund Husserl:Friedrich Engels:Martin Heidegger:Karl Marx:Sigmund Freud:Theodor W. Adorno:G. W. F. Hegel:Max Horkheimer:Friedrich Nietzsche:,Jürgen Habermas:Xi Jinping:Douglas Kellner:Emerita Quito:Andrew Feenberg:Bob Black:Angela Davis:George Katsiaficas:Norman O. Brown:Abbie Hoffman:,/wiki/Herbert_Marcuse,34.1914,119,1898-07-19 00:00:00
227,Benjamin Tucker, (1854–1939),Spencer:Bakunin:Jefferson:Proudhon:Warren:Spooner:Molinari:Ricardo:Smith:Stirner:,Wilson:Meulen:Armand:Mackay:Mella:Rocker:Rothbard:Carson:Cleyre:Chernyi:,/wiki/Benjamin_Tucker,13.636388888888888,0.21666666666666667,1854-04-17 00:00:00
228,Semyon Frank,,,Nikolai Berdyaev:,/wiki/Semyon_Frank,13.636388888888888,0.21666666666666667,1877-01-28 00:00:00
229,Stendhal,,,Friedrich Nietzsche:,/wiki/Stendhal,41.2431,16.5053,1783-01-23 00:00:00
230,Morris Raphael Cohen, (1880–1947),Josiah Royce:William James:Hugo Münsterberg:,Sidney Hook:Ernest Nagel:,/wiki/Morris_Raphael_Cohen,50.5804,8.6772,1880-07-25 00:00:00
231,Thomas of Erfurt,,,Martin Heidegger:,/wiki/Modistae#History,FILL,FILL,FILL
232,Kalidasa,,,Johann Gottfried Herder:,/wiki/Kalidasa,FILL,FILL,FILL
233,John of Damascus, (c. 676–749),Basil of Caesarea:Aristotle:Plato:Gregory of Nazianzus:Latin Christianity:Leo the Great:Neoplatonism:John Chrysostum:Cyril of Alexandria:Paul the Apostle:Athanasius of Alexandria:Gregory of Nyssa:,Hesychasm:Eastern:Western:Christian philosophy:Second Council of Nicaea:Scholasticism:,/wiki/John_of_Damascus,13.636388888888888,0.21666666666666667,0675-11-01 00:00:00
234,Simone de Beauvoir, (1908–1986),Kierkegaard:Hegel:Nietzsche:Bergson:Marx:Wollstonecraft:Darwin:Husserl:Sade:Sartre:Leibniz:Freud:Kant:Descartes:Heidegger:,Butler:Kim:Rich:Quito:Sartre:Hoagland:Paglia:Greer:Camus:Friedan:,/wiki/Simone_de_Beauvoir,13.636388888888888,0.21666666666666667,1908-01-09 00:00:00
235,Northrop Frye,,,Stanley Cavell:,/wiki/Northrop_Frye,13.636388888888888,0.21666666666666667,1912-07-14 00:00:00
236,Peter Geach, (1919–2013),Aristotle:Gotlob Frege:Ludwig Wittgenstein:J. M. E. McTaggart:Thomas Aquinas:,Alasdair MacIntyre:C. J. F. Williams:G. E. M. Anscombe:Michael Dummett:Brian Davies:Anthony Kenny:,/wiki/Peter_Geach,13.636388888888888,0.21666666666666667,1916-03-29 00:00:00
237,Jacob L. Moreno,,,Martin Buber:,/wiki/Jacob_L._Moreno,13.636388888888888,0.21666666666666667,1889-05-18 00:00:00
238,R. B. Braithwaite,,,Georg Henrik von Wright:,/wiki/R._B._Braithwaite,13.636388888888888,0.21666666666666667,1900-01-15 00:00:00
239,Andrews,,,Lysander Spooner:,/wiki/Stephen_Pearl_Andrews,13.636388888888888,0.21666666666666667,1812-04-22 00:00:00
240,Baltasar Gracián y Morales, (1601–1658),Epictetus:Plutarch:Seneca:Desiderius Erasmus:Publilius Syrus:,Arthur Schopenhauer:Friedrich Nietzsche:,/wiki/Baltasar_Graci%C3%A1n_y_Morales,39.0167,16.7833,1601-01-08 00:00:00
241,Maine de Biran, (1766–1824),Charles Bonnet:Descartes:Bacon:Stoicism:John Locke:Leibniz:Rousseau:Antoine Destutt de Tracy:Pierre Cabanis:Étienne Bonnot de Condillac:,Émile Boutroux:Victor Cousin:Pierre Janet:Louis Lavelle:Félix Ravaisson:Michel Henry:Maurice Blondel:Henri Bergson:François Picavet:,/wiki/Maine_de_Biran,13.636388888888888,0.21666666666666667,1766-11-29 00:00:00
242,Edward Forbes,,,Thomas Henry Huxley:,/wiki/Edward_Forbes,13.636388888888888,0.21666666666666667,1815-02-12 00:00:00
243,Philo, (20 BC–40 AD),Hellenistic Judaism:Pythagorism:Stoicism:Platonism:,Early Christianity:,/wiki/Philo,38.894999999999996,-77.03611111111111,2021-11-20 00:00:00
244,Boethius,,,Peter Abelard:,/wiki/Boethius,41.891666666666666,12.511111111111111,FILL
245,Ronald Dworkin, (1931–2013),Aristotle:Learned Hand:Plato:Rupert Cross:H. L. A. Hart:John Rawls:,Jeremy Waldron:Robert Alexy:,/wiki/Ronald_Dworkin,13.636388888888888,0.21666666666666667,1931-12-11 00:00:00
246,Cyprian,,,Augustine of Hippo:,/wiki/Cyprian,35.61388888888889,51.35888888888889,210
247,Apollonius of Perga,,,Gottfried Leibniz:,/wiki/Apollonius_of_Perga,FILL,FILL,FILL
248,Adrienne Rich,,,Claudia Card:,/wiki/Adrienne_Rich,13.636388888888888,0.21666666666666667,1929-05-16 00:00:00
249,H. Richard Niebuhr, (1894–1962),,Stanley Hauerwas:Gordon Kaufman:James W. Fowler:James Gustafson:,/wiki/H._Richard_Niebuhr,13.636388888888888,0.21666666666666667,1894-09-03 00:00:00
250,Philip K. Dick,,,Fredric Jameson:,/wiki/Philip_K._Dick,13.636388888888888,0.21666666666666667,1928-12-16 00:00:00
251,Byron,,,Petar II Petrović-Njegoš:,/wiki/Lord_Byron,38.7433,77.0103,1788-01-22 00:00:00
252,William Harry Jellema,,,Alvin Plantinga:,/wiki/William_Harry_Jellema,FILL,FILL,FILL
253,Herbert McCabe,,,Anthony Kenny:,/wiki/Herbert_McCabe,25.6969,32.6422,1926-08-02 00:00:00
254,Zeno of Elea, (c. 495 – c. 430 BC),Parmenides:,Aristotle:Plato:Protagoras:Gorgias:Marcus Aurelius:,/wiki/Zeno_of_Elea,37.8531,15.2878,0495-11-01 00:00:00
255,Francesco de Sanctis,,,Benedetto Croce:,/wiki/Francesco_de_Sanctis,FILL,FILL,FILL
256,Musonius Rufus,,,Epictetus:,/wiki/Gaius_Musonius_Rufus,45.2167,12.2833,2021-11-20 00:00:00
257,Arthur Conan Doyle,,,Umberto Eco:,/wiki/Arthur_Conan_Doyle,13.636388888888888,0.21666666666666667,1859-05-22 00:00:00
258,Palissy,,,Francis Bacon:,/wiki/Bernard_Palissy,FILL,FILL,FILL
259,F. D. Maurice,,,Thomas Hill Green:,/wiki/Frederick_Denison_Maurice,36.1333,0.0,1805-08-29 00:00:00
260,John McDowell, (born 1942),Strawson:Hegel:Aristotle:Pippin:Rorty:Davidson:Evans:Brandom:Foot:Gadamer:Wittgenstein:Sellars:Kant:Frege:Wiggins:,Pippin:Crary:Antony:Brandom:Axel Honneth:Fricker:Dancy:,/wiki/John_McDowell,13.636388888888888,0.21666666666666667,1942-03-07 00:00:00
261,Morgan,,,Friedrich Engels:,/wiki/Lewis_H._M,FILL,FILL,FILL
262,Themistoclea,,,Pythagoras:,/wiki/Themistoclea,FILL,FILL,FILL
263,Zimmer,,,Ferdinand de Saussure:,/wiki/Heinrich_Zimmer,51.4865,7.0441,1890-12-06 00:00:00
264,Karel Čapek,,,Bernard Williams:,/wiki/Karel_%C4%8Capek,52.3584,4.8811,1890-01-09 00:00:00
265,Bonald,,,Joseph de Maistre:,/wiki/Louis_de_Bonald,13.636388888888888,0.21666666666666667,1754-10-02 00:00:00
266,Al-Juwayni, (1028–1085),,Abu Hamid al-Ghazali:,/wiki/Al-Juwayni,30.4797,90.9539,1028-02-17 00:00:00
267,Müller,,,Odo Marquard:,/wiki/Max_M%C3%BCller_(Catholic_intellectual),50.0997,14.4161,1906-09-06 00:00:00
268,Francisco Suárez, (1548–1617),Aristotle:Avicenna:Alonso Rodriguez:Duns Scotus:Scholasticism:Thomas Aquinas:,Grotius:Wolff:Dos Santos:Bueno:Hale:Zubiri:Leibniz:Descartes:Heidegger:Salgado:,/wiki/Francisco_Su%C3%A1rez,13.636388888888888,0.21666666666666667,1548-01-05 00:00:00
269,Léon Brillouin,,,Edgar Morin:,/wiki/L%C3%A9on_Brillouin,52.4126,12.8203,1889-08-07 00:00:00
270,French Moralists,,,Friedrich Nietzsche:,/wiki/French_moralists,FILL,FILL,FILL
271,Fabian Society,,,Karl Korsch:,/wiki/Fabian_Society,FILL,FILL,FILL
272,Georgi Plekhanov, (1856–1918),Mikhail Bakunin:Friedrich Engels:Karl Marx:Ludwig Feuerbach:Baruch Spinoza:,Lenin:,/wiki/Georgi_Plekhanov,13.636388888888888,0.21666666666666667,1856-12-11 00:00:00
273,Gaston Bachelard, (1884–1962),Charles Nodier:Auguste Comte:Émile Meyerson:Carl Jung:Abel Rey:Léon Brunschvicg:Max Picard:,Georges Canguilhem:Rogelio Salmona:Nader El-Bizri:Michel Foucault:François Dagognet:Don Ihde:Cornelius Castoriadis:Gilbert Durand:Alexandre Koyré:Pierre Bourdieu:Gilles Deleuze:Dominique Lecourt:Louis Althusser:Michel Serres:Maurice Merleau-Ponty:Jules Vuillemin:,/wiki/Gaston_Bachelard,41.4239,91.0558,1884-06-27 00:00:00
274,Bernard Bolzano, (1781–1848),Gottfried Wilhelm Leibniz:Immanuel Kant:,Kevin Mulligan:Kazimierz Twardowski:Edmund Husserl:Heinrich Scholz:Jean Cavaillès:Franz Brentano:Benno Kerry:Carl Stumpf:Gilbert Ryle:Gottlob Frege:Georg Cantor:,/wiki/Bernard_Bolzano,13.636388888888888,0.21666666666666667,1781-10-05 00:00:00
275,Bias of Priene,,,Heraclitus:,/wiki/Bias_of_Priene,FILL,FILL,FILL
276,Sri Aurobindo, (1872–1950),,Ken Wilber:Haridas Chaudhuri:Mirra Alfassa:Auroville:,/wiki/Sri_Aurobindo,13.636388888888888,0.21666666666666667,1872-08-15 00:00:00
277,Ugo Foscolo,,,Giacomo Leopardi:,/wiki/Ugo_Foscolo,51.7333,36.1833,1778-02-06 00:00:00
278,Arcesilaus, (316–241 BC),Plato:Crantor:Theophrastus:Pyrrho:Socrates:Crates of Athens:Timon of Phlius:Polemo:,Favorinus:Plutarch:Carneades:Lacydes:Clitomachus:Philo of Larissa:Cicero:,/wiki/Arcesilaus,29.5583,106.5667,0316-05-01 00:00:00
279,Alain,,,Georges Canguilhem:,/wiki/%C3%89mile_Chartier,13.636388888888888,0.21666666666666667,1868-03-03 00:00:00
280,Nicholas of Cusa, (1401–1464),Aristotle:Proclus:Plato:Pseudo-Dionysius:Ramon Llull:Albertus Magnus:Gemistus Pletho:Bonaventure:Meister Eckhart:Plotinus:Pythagoreanism:Johannes Scottus Eriugena:Thomas Aquinas:,Mário Ferreira dos Santos:John Fisher:Roberto Mangabeira Unger:Karl Jaspers:Thomas More:Pico della Mirandola:Leibniz:Ludwig von Bertalanffy:Nicolaus Copernicus:Harry Mulisch:Giordano Bruno:Galileo Galilei:,/wiki/Nicholas_of_Cusa,-6.771111111111111,-79.84083333333332,1401
281,Martin Buber, (1878–1965),Immanuel Kant:Pierre-Joseph Proudhon:Søren Kierkegaard:Wilhelm Dilthey:Jacob L. Moreno:Sigmund Freud:Ludwig Feuerbach:Rudolf Bultmann:Ralph Waldo Emerson:Georg Simmel:Friedrich Nietzsche:Zhuangzi:,Abraham Joshua Heschel:Hans Urs von Balthasar:Gabriel Marcel:Franz Rosenzweig:Emmanuel Levinas:Emil Brunner:John Berger:Fritz Perls:Walter Kaufmann:Laura Perls:,/wiki/Martin_Buber,49.3589,6.1692,1878-02-08 00:00:00
282,Bernard de Mandeville, (1670–1733),René Descartes:William Petty:Pierre Bayle:,Adam Smith:Jean-François Melon:Marquis de Sade:Friedrich Hayek:,/wiki/Bernard_de_Mandeville,41.8075,12.2508,1670-11-15 00:00:00
283,Claude Lefort, (1924–2010),Tocqueville:Marx:Kantorowicz:La Boétie:Arendt:Merleau-Ponty:Solzhenitsyn:Castoriadis:Machiavelli:,Daniel Cohn-Bendit:Miguel Abensour:Marcel Gauchet:,/wiki/Claude_Lefort,13.636388888888888,0.21666666666666667,1924-04-21 00:00:00
284,Roman Ingarden, (1893–1970),Kazimierz Twardowski:Immanuel Kant:Edmund Husserl:,Anna-Teresa Tymieniecka:Wolfgang Iser:René Wellek:Pope John Paul II:,/wiki/Roman_Ingarden,33.7475,116,1893-02-05 00:00:00
285,Arnobius,,,Augustine of Hippo:,/wiki/Arnobius,FILL,FILL,FILL
286,Odo Marquard, (1928–2015),Gehlen:Kant:Freud:Müller:,Gerd B. Achenbach:,/wiki/Odo_Marquard,36.5954,27.1618,1928-02-26 00:00:00
287,Rudolf Carnap, (1891–1970),Einstein:Mach:Brentano:Husserl:Russell:Wittgenstein:Kant:Bauch:Frege:Tarski:,Negarestani:Lewis:Bergmann:Goodman:Jeffrey:Gödel:Kuhn:Reichenbach:Ayer:Lakatos:Popper:Davidson:Kaplan:Sellars:Waismann:Dummett:Bar-Hillel:Hempel:Quine:Simon:Tarski:,/wiki/Rudolf_Carnap,13.636388888888888,0.21666666666666667,1891-05-18 00:00:00
288,Horace,,,Augustine of Hippo:,/wiki/Horace,13.636388888888888,0.21666666666666667,2065-12-08 00:00:00
289,Fakhr al-Din al-Razi, (1149–1209),Ibn Furak:Abu al-Hasan al-Ash'ari:Al-Juwayni:Al-Shafi'i:Al-Ghazali:,Taj al-Din al-Subki:Burhan al-Din al-Nasafi:Ibn Abi Usaybi'a:Al-Safadi:Shihab al-Din al-Qarafi:Athir al-Din al-Abhari:Nizam al-Din al-Nisapuri:Al-Suyuti:,/wiki/Fakhr_al-Din_al-Razi,49.4412,1.0963,1150-01-26 00:00:00
290,Bismil Azimabadi,,,Muhammad Iqbal:,/wiki/Bismil_Azimabadi,26.25,81.53,1901
291,Gandillac,,,Gilles Deleuze:,/wiki/Maurice_de_Gandillac,FILL,FILL,FILL
292,René Thom,,,Edgar Morin:,/wiki/Ren%C3%A9_Thom,13.636388888888888,0.21666666666666667,1923-09-02 00:00:00
293,Abraham Kuyper,,,Alvin Plantinga:,/wiki/Abraham_Kuyper,13.636388888888888,0.21666666666666667,1837-10-29 00:00:00
294,Cantillon,,,Adam Smith:,/wiki/Richard_Cantillon,60.25,6.0,1680
295,Karl Korsch, (1886–1961),Immanuel Kant:Mikhail Bakunin:Georg Wilhelm Friedrich Hegel:Friedrich Engels:Karl Marx:Vladimir Lenin:Fabian Society:,Bertolt Brecht:C.L.R. James:New Left:Felix Weil:Frankfurt School:Douglas Kellner:,/wiki/Karl_Korsch,41.3129,105,1886-08-15 00:00:00
296,Hadith,,,Ibn Arabi:,/wiki/Hadith,FILL,FILL,FILL
297,Paul de Rousiers,,,Georges Sorel:,/wiki/Paul_de_Rousiers,13.636388888888888,0.21666666666666667,1857-01-16 00:00:00
298,Crispin Wright, (born 1942),Michael Dummett:Ludwig Wittgenstein:Noam Chomsky:Gottlob Frege:George Boolos:,Paul Boghossian:Carrie Ichikawa Jenkins:Duncan Pritchard:Jose Zalabardo:Luca Moretti:Michael Lynch:Annalisa Coliva:,/wiki/Crispin_Wright,48.7,44.4996,1942-12-21 00:00:00
299,Church Fathers,,,Joseph de Maistre:,/wiki/Church_Fathers,FILL,FILL,FILL
300,Teresa of Ávila,,,Emil Cioran:,/wiki/Teresa_of_%C3%81vila,13.636388888888888,0.21666666666666667,1515-03-28 00:00:00
301,Giordano Bruno, (1548–1600),Nicolaus Copernicus:Nicolaus Cusanus:Averroes:,Arthur Schopenhauer:James Joyce:Gottfried Wilhelm Leibniz:Molière:Baruch Spinoza:Galileo Galilei:,/wiki/Giordano_Bruno,43.775,11.2537,1548-02-01 00:00:00
302,Julien Offray de La Mettrie, (1709–1751),John Locke:François-Joseph Hunauld:Herman Boerhaave:,François Picavet:Michel Onfray:,/wiki/Julien_Offray_de_La_Mettrie,13.636388888888888,0.21666666666666667,1709-11-23 00:00:00
303,Sechenov,,,Nikolai Chernyshevsky:,/wiki/Ivan_Sechenov,13.636388888888888,0.21666666666666667,1829-08-13 00:00:00
304,Lev Shestov, (1866–1938),Nietzsche:Kierkegaard:Heine:Shakespeare:Spinoza:Husserl:Luther:Baudelaire:Dostoyevsky:Lermontov:Tolstoy:Plotinus:Chekhov:Pascal:,Cioran:Bataille:Lévy-Bruhl:Berdyaev:Husserl:Miłosz:Bulgakov:Lawrence:Camus:Murry:Deleuze:Heidegger:Gaultier:,/wiki/Lev_Shestov,31.4167,31.8167,1866-02-12 00:00:00
305,Gabriel Tarde,,,Bruno Latour:,/wiki/Gabriel_Tarde,13.636388888888888,0.21666666666666667,1843-03-12 00:00:00
306,Mikhail Bakunin, (1814–1876),Hegel:Marx:Proudhon:Feuerbach:Herzen:Buonarroti:,Neill:Malatesta:Marcuse:Thompson:Guérin:Korsch:Chomsky:Postman:Kropotkin:Cafiero:Nechaev:Goldman:,/wiki/Mikhail_Bakunin,13.636388888888888,0.21666666666666667,1814-05-30 00:00:00
307,Léon Brunschvicg,,,Gaston Bachelard:,/wiki/L%C3%A9on_Brunschvicg,13.636388888888888,0.21666666666666667,1869-11-10 00:00:00
308,Baha' al-Din Naqshband,,,Shah Wali Allah:,/wiki/Baha%27_al-Din_Naqshband,52.37,5.2138888888888895,1318
309,Peter Abelard, (1079–1142),Boethius:Aristotle:Porphyry:,Arnold of Brescia:William of Ockham:John of Salisbury:,/wiki/Peter_Abelard,38.894999999999996,-77.03611111111111,1079
310,Avempace,,,Jamal al-Din al-Afghani:,/wiki/Avempace,38.894999999999996,-77.03611111111111,1085
311,Jean Laplanche,,,Cornelius Castoriadis:,/wiki/Jean_Laplanche,13.636388888888888,0.21666666666666667,1924-06-21 00:00:00
312,Dada,,,Guy Debord:,/wiki/Dada,FILL,FILL,FILL
313,Jan Standonck,,,Desiderius Erasmus:,/wiki/Jan_Standonck,FILL,FILL,FILL
314,Molinari,,,Benjamin Tucker:,/wiki/Gustave_de_Molinari,13.636388888888888,0.21666666666666667,1819-03-03 00:00:00
315,Paul Cohen,,,Alain Badiou:,/wiki/Paul_Cohen,38.0333,12.5333,1934-04-02 00:00:00
316,Robert Grosseteste, (1175–1253),Anselm of Canterbury:Averroes:,Thomas Bradwardine:Roger Bacon:Thomas Hobbes:,/wiki/Robert_Grosseteste,38.894999999999996,-77.03611111111111,1168
317,Piero Gobetti,,,Norberto Bobbio:,/wiki/Piero_Gobetti,FILL,FILL,FILL
318,Polybius,,,Niccolò Machiavelli:,/wiki/Polybius,32.5364,44.4208,0200-11-01 00:00:00
319,Cornelius,,,Theodor Adorno:,/wiki/Hans_Cornelius,FILL,FILL,FILL
320,Roderick Chisholm, (1916–1999),Donald C. Williams:Alexius Meinong:Wilfrid Sellars:Curt John Ducasse:Clarence Irving Lewis:Thomas Reid:,Richard Taylor:Selmer Bringsjord:Peter D. Klein:Jaegwon Kim:Dean Zimmerman:Edmund Gettier:Keith Lehrer:Dale Jacquette:Ernest Sosa:Fred Feldman:,/wiki/Roderick_Chisholm,13.636388888888888,0.21666666666666667,1916-11-27 00:00:00
321,Paul Weiss,,,Nuel Belnap:,/wiki/Paul_Weiss_(philosopher),45.7667,4.8803,1901-05-19 00:00:00
322,Umberto Eco, (1932–2016),James Joyce:Immanuel Kant:Arthur Conan Doyle:Jorge Luis Borges:Charles Sanders Peirce:Thomas Aquinas:,Stuart Hall:,/wiki/Umberto_Eco,50.25,30.5,1932-01-05 00:00:00
323,Alexander von Humboldt,,,Charles Darwin:,/wiki/Alexander_von_Humboldt,13.636388888888888,0.21666666666666667,1769-09-14 00:00:00
324,Optatus,,,Augustine of Hippo:,/wiki/Optatus,FILL,FILL,FILL
325,Proclus, (412–487),Aristotle:Plato:Plutarch:Iamblichus:Syrianus:Plotinus:,Ammonius Hermiae:Nicholas of Cusa:Pseudo-Dionysius:Damascius:Marsilio Ficino:St. Thomas Aquinas:Marinus:,/wiki/Proclus,54.4222,16.4111,0412-02-08 00:00:00
326,Swami Vivekananda, (1863–1902),,Romain Rolland:Bagha Jatin:Jagadish Chandra Bose:Emma Calvé:Rabindranath Tagore:Annie Besant:Jawaharlal Nehru:Anna Hazare:Jamsetji Tata:Subhas Chandra Bose:Mahatma Gandhi:Sarvepalli Radhakrishnan:Chakravarti Rajagopalachari:Bal Gangadhar Tilak:Narendra Modi:Aurobindo Ghose:Sarah Bernhardt:,/wiki/Swami_Vivekananda,22.5863,88.3674,1863-01-12 00:00:00
327,Dumas père,,,Dimitri Pisarev:,/wiki/Alexandre_Dumas,13.636388888888888,0.21666666666666667,1802-07-24 00:00:00
328,Zhang Zai,,,Zhu Xi:,/wiki/Zhang_Zai,FILL,FILL,FILL
329,Swedenborg,,,Ralph Waldo Emerson:,/wiki/Emanuel_Swedenb,FILL,FILL,FILL
330,Bible,,,Joseph de Maistre:,/wiki/Bible,FILL,FILL,FILL
331,Pythagoras, (582 – 496 BC),Orphism:Anaximander:Themistoclea:Thales:Pherecydes:,Aristotle:Plato:Xenophanes:Pythagoreanism:Empedocles:,/wiki/Pythagoras,38.894999999999996,-77.03611111111111,0570-11-01 00:00:00
332,Antipater of Tarsus,,,Panaetius:,/wiki/Antipater_of_Tarsus,FILL,FILL,FILL
333,Laurence Sterne,,,Denis Diderot:,/wiki/Laurence_Sterne,28.9902,77.7038,1713-11-24 00:00:00
334,Francis Crick,,,Patricia Churchland:,/wiki/Francis_Crick,13.636388888888888,0.21666666666666667,1916-06-08 00:00:00
335,François-Joseph Hunauld,,,Julien Offray de La Mettrie:,/wiki/Fran%C3%A7ois-Joseph_Hunauld,FILL,FILL,FILL
336,Emmanuel Sieyès,,,"Claude Henri de Rouvroy, Comte de Saint-Simon:",/wiki/Emmanuel_Joseph_Siey%C3%A8s,42.9908,13.61,1748-05-03 00:00:00
337,Lazarus Fuchs,,,Henri Poincaré:,/wiki/Lazarus_Fuchs,38.2889,122,1833-05-05 00:00:00
338,St. Paul,,,Thomas Aquinas:,/wiki/Paul_the_Apostle,34.767,32.417,2021-11-05 00:00:00
339,Mann,,,Theodor Adorno:,/wiki/Thomas_Mann,50.7339,7.1022,1875-06-06 00:00:00
340,Pierre Gassendi, (1592–1655),Aristotle:Epicurus:,John Locke:Walter Charleton:Gottfried Leibniz:Thomas Hobbes:,/wiki/Pierre_Gassendi,22.1497,100,1592-01-22 00:00:00
341,Bertrando Spaventa,,,Giovanni Gentile:,/wiki/Bertrando_Spaventa,41.8833,16.1667,1817-06-26 00:00:00
342,Lask,,,Martin Heidegger:,/wiki/Emil_Lask,47.7203,13.6333,1875-09-25 00:00:00
343,Torquato Tasso,,,Giacomo Leopardi:,/wiki/Torquato_Tasso,42.6408,18.1089,1544-03-11 00:00:00
344,Oldenberg,,,Ferdinand de Saussure:,/wiki/Hermann_Oldenberg,54.9833,73.3667,1854-10-31 00:00:00
345,Alf Niels Christian Ross, (1899–1979),Axel Hägerström:Hans Kelsen:,Zygmunt Ziembiński:,/wiki/Alf_Niels_Christian_Ross,13.636388888888888,0.21666666666666667,1899-06-10 00:00:00
346,Brand Blanshard, (1892–1987),Josiah Royce:Bernard Bosanquet:William Pepperell Montague:F. H. Bradley:Horace W. B. Joseph:Clarence Irving Lewis:,James A. Michener:A. C. Ewing:,/wiki/Brand_Blanshard,47.5356,122,1892-08-27 00:00:00
347,Plato, (c. 427 – c. 347 BC),Diotima:Orphism:Pythagoras:Cratylus:Parmenides:Archytas:Heraclitus:Theaetetus:Socrates:Homer:Hesiod:Sophists:Eleusinian Mysteries:Theodorus:,Neoplatonism:Middle Platonism:Modern Platonism:religion:Platonism:Byzantine philosophy:Hermeticism:Christian Platonism:Renaissance Platonism:Church Fathers:Islamic Platonism:Gnosticism:Western philosophy:Florentine Academy:Chaldean Oracles:Cambridge Platonism:Aristotelianism:Old Academy:Academic skepticism:,/wiki/Plato,13.636388888888888,0.21666666666666667,-428
348,Guido de Ruggiero,,,R. G. Collingwood:,/wiki/Guido_De_Ruggiero,FILL,FILL,FILL
349,Al-Jahiz,,,Ibn Khaldun:,/wiki/Al-Jahiz,13.636388888888888,0.21666666666666667,776
350,Xenophanes," of Colophon, (570–480 BC)",Homer:Epimenides:Thales:Pythagoras:,Karl Popper:Parmenides:Democritus:Protagoras:Pyrrho:Zeno of Elea:Timon of Phlius:,/wiki/Xenophanes,40.9667,15.8167,0570-11-01 00:00:00
351,Kabbalah,,,Walter Benjamin:,/wiki/Kabbalah,FILL,FILL,FILL
352,Theodor Lipps, (1851–1914),Edmund Husserl:,Moritz Geiger:,/wiki/Theodor_Lipps,47.6097,122,1851-07-28 00:00:00
353,Crantor,,,Arcesilaus:,/wiki/Crantor,FILL,FILL,FILL
354,Kenneth Burke,,,Fredric Jameson:,/wiki/Kenneth_Burke,13.636388888888888,0.21666666666666667,1897-05-05 00:00:00
355,Hilary Putnam, (1926–2016),Hans Reichenbach:William James:Emmanuel Levinas:Willard Van Orman Quine:Stanley Cavell:Bertrand Russell:John Dewey:Nelson Goodman:Immanuel Kant:Edmund Husserl:Saul Kripke:Karl Marx:Ned Block:John McDowell:Alan Turing:Søren Kierkegaard:Ludwig Wittgenstein:Sigmund Freud:Franz Rosenzweig:Charles Sanders Peirce:Martin Buber:,Hartry Field:David Marr:Paul Benacerraf:John Worrall:Saul Kripke:George Boolos:Donald Davidson:Norman Daniels:Jerry Fodor:David Lewis:Ned Block:Daniel Dennett:Richard Boyd:Martha Nussbaum:Tyler Burge:,/wiki/Hilary_Putnam,13.636388888888888,0.21666666666666667,1926-07-31 00:00:00
356,Gregor Strasser,,,Francis Parker Yockey:,/wiki/Gregor_Strasser,51.1911,6.4419,1892-05-31 00:00:00
357,Hélène Cixous, (born 1937),Sigmund Freud:Jacques Derrida:Maurice Blanchot:Jacques Lacan:,Avital Ronell:Jacques Derrida:,/wiki/H%C3%A9l%C3%A8ne_Cixous,31.4167,31.8167,1937-06-05 00:00:00
358,José Carlos Mariátegui, (1894–1930),Manuel González Prada:Georges Sorel:Karl Marx:Rosa Luxemburg:Benedetto Croce:Vladimir Lenin:Friedrich Nietzsche:Antonio Gramsci:,Abimael Guzmán:Che Guevara:Javier Mariátegui:Gustavo Gutiérrez:,/wiki/Jos%C3%A9_Carlos_Mari%C3%A1tegui,13.636388888888888,0.21666666666666667,1894-06-14 00:00:00
359,Al-Kindi, (801–873),Al-Khalil:Hellenistic philosophy:Neoplatonism:,Alhazen:Miskawayh:Roger Bacon:Abu Ma'shar al-Balkhi:Isaac Israeli ben Solomon:Ahmad ibn al-Tayyib al-Sarakhsi:Robert Grosseteste:Abu Zayd al-Balkhi:,/wiki/Al-Kindi,31.7833,35.2167,801
360,Franciscus van den Enden,,,Baruch Spinoza:,/wiki/Franciscus_van_den_Enden,54.9,23.8833,1602-02-05 00:00:00
361,Alonso Rodriguez,,,Francisco Suárez:,/wiki/Alonso_Rodriguez,FILL,FILL,FILL
362,Dimitri Pisarev, (1840–1868),Bakunin:Cooper:Macaulay:Dobrolyubov:Belinsky:Darwin:Turgenev:Gogol:Chernyshevsky:Dumas père:Stirner:,Dostoevsky:Lenin:Shelgunov:Zaytsev:Pavlov:Plekhanov:Nechayev:,/wiki/Dimitri_Pisarev,48.8558,2.3126,1840-10-14 00:00:00
363,Al-Hasan ibn 'Ali al-Barbahari,,,Ibn Taymiya:,/wiki/Al-Hasan_ibn_%27Ali_al-Barbahari,FILL,FILL,867
364,Robert Stalnaker, (born 1940),David K. Lewis:H. Paul Grice:,Jason Stanley:,/wiki/Robert_Stalnaker,57.7833,26.0333,1940-01-22 00:00:00
365,Quintus,,,Marcus Aurelius:,/wiki/Junius_Rusticus,FILL,FILL,FILL
366,Ibn Sabin, (1217–1268),Ibn Masarra:Ibn Barrajan:Avempace:Ibn Qasi:'Ilm al-Huruf:Hadith:Averroes:Ibn Tufail:al-Hallaj:al-Farabi:Qur'an:Avicenna:Brethren of Purity:,Ramon Llull:al-Kashani al-Fargani:Afif al-Din Sulayman al Tilimsani:al-Shushtari:Badr al-Din Hasan Ibn Hud:,/wiki/Ibn_Sabin,13.636388888888888,0.21666666666666667,1216
367,Georges Canguilhem, (1904–1995),Claude Bernard:Gaston Bachelard:Henri Bergson:Kurt Goldstein:Alain:,Michel Foucault:Jacques-Alain Miller:Arnold Davidson:Alain Badiou:Pierre Bourdieu:Gilles Deleuze:Dominique Lecourt:Louis Althusser:François Dagognet:,/wiki/Georges_Canguilhem,32.5181,36.4817,1904-06-04 00:00:00
368,John Ellis McTaggart, (1866–1925),T. H. Green:G. W. F. Hegel:,Peter Geach:Michael Oakeshott:Michael Dummett:S. V. Keeling:,/wiki/John_Ellis_McTaggart,13.636388888888888,0.21666666666666667,1866-09-03 00:00:00
369,Emile Meyerson, (1859–1933),Albert Einstein:Immanuel Kant:Auguste Comte:,Thomas Kuhn:Gaston Bachelard:Jacques Lacan:,/wiki/Emile_Meyerson,41.7378,111,1859-02-12 00:00:00
370,Theon of Alexandria,,,Hypatia of Alexandria:,/wiki/Theon_of_Alexandria,FILL,FILL,FILL
371,Archilochus,,,Friedrich Nietzsche:,/wiki/Archilochus,FILL,FILL,FILL
372,John Hasbrouck Van Vleck,,,Thomas Samuel Kuhn:,/wiki/John_Hasbrouck_Van_Vleck,13.636388888888888,0.21666666666666667,1899-03-13 00:00:00
373,La Boétie,,,Claude Lefort:,/wiki/%C3%89tienne_de_La_Bo%C3%A9tie,7.09,171.38,1530-11-01 00:00:00
374,Turgenev,,,Dimitri Pisarev:,/wiki/Ivan_Turgenev,13.636388888888888,0.21666666666666667,1818-11-09 00:00:00
375,Aruni,,,Yajnavalkya:,/wiki/Aruni,29.9,77.6833,FILL
376,John Stuart Mill, (1806–1873),Auguste Comte:Locke:Herder:Harriet Taylor Mill:Hobbes:James Mill:Socrates:Hume:Smith:Senior:Babbage:Wordsworth:Aristotle:Demosthenes:Bain:Marmontel:Guizot:Coleridge:Utopian Socialists:Plato:Aquinas:Francis Place:Goethe:Ricardo:Epicurus:Sismondi:Tocqueville:Berkeley:W. von Humboldt:Bentham:Saint-Simon:,Social liberalism:Ortega y Gasset:Crisp:Russell:Weber:,/wiki/John_Stuart_Mill,32.2787,35.8898,1806-05-20 00:00:00
377,Louis Althusser, (1918–1990),Niccolò Machiavelli:Georges Canguilhem:Gaston Bachelard:Montesquieu:Jean-Jacques Rousseau:Jean Cavaillès:Karl Marx:Sigmund Freud:Mao Zedong:Jacques Lacan:Vladimir Lenin:G. W. F. Hegel:Baruch Spinoza:Antonio Gramsci:,Mahdi Amel:Jacques Rancière:Richard D. Wolff:Slavoj Žižek:Stephen Resnick:Judith Butler:Michel Foucault:Terry Eagleton:Pierre Bourdieu:Étienne Balibar:Dominique Lecourt:Pierre Macherey:Jacques-Alain Miller:Alain Badiou:Stuart Hall:Anthony Giddens:Giulio Angioni:Gilles Deleuze:Roy Bhaskar:Nicos Poulantzas:,/wiki/Louis_Althusser,13.636388888888888,0.21666666666666667,1918-10-16 00:00:00
378,Apollodorus,,,Zeno of Sidon:,/wiki/Apollodorus_the_Epicurean,FILL,FILL,FILL
379,Frank P. Ramsey,,,Max Black:,/wiki/Frank_Ramsey_(mathematician),44.2264,17.6658,1903-02-22 00:00:00
380,Leszek Kołakowski, (1927–2009),Immanuel Kant:Friedrich Engels:Karl Marx:György Lukács:G. W. F. Hegel:Baruch Spinoza:,Solidarity:José Guilherme Merquior:Noam Chomsky:Christopher Hitchens:,/wiki/Leszek_Ko%C5%82akowski,60.0333,37.7833,1927-10-23 00:00:00
381,Peter Sloterdijk, (born 1947),Nietzsche:Günther:Taubes:Osho:Derrida:Spengler:Bachelard:Foucault:Deleuze:Heidegger:Claessens:Tarde:,Bruno Latour:Yana Milev:Henk Oosterling:Marc Jongen:,/wiki/Peter_Sloterdijk,25.6969,32.6422,1947-06-26 00:00:00
382,Johann August Ernesti,,,Friedrich Schleiermacher:,/wiki/Johann_August_Ernesti,FILL,FILL,FILL
383,Archimedes,,,René Descartes:,/wiki/Archimedes,38.894999999999996,-77.03611111111111,0287-11-01 00:00:00
384,Dolar,,,Slavoj Žižek:,/wiki/Mladen_Dolar,35.7178,139.5661,1951-01-29 00:00:00
385,"Sir William Hamilton, 9th Baronet", (1788–1856),Immanuel Kant:Thomas Reid:Victor Cousin:,John Veitch:John Stuart Mill:James Hutchison Stirling:Herbert Spencer:,"/wiki/Sir_William_Hamilton,_9th_Baronet",36.7673,35.791,1788-03-08 00:00:00
386,Herodotus of Tarsus,,,Sextus Empiricus:,/wiki/Herodotus_(physician),FILL,FILL,FILL
387,Emerich de Vattel, (1714–1767), Christian Wolff:Gottfried Wilhelm Leibniz:Samuel Puffendorf:Jean-Jacques Burlamaqui:Hugo Grotius:,George Washington:Western philosophers:Alexander Hamilton:Benjamin Franklin:,/wiki/Emerich_de_Vattel,13.636388888888888,0.21666666666666667,1714-04-25 00:00:00
388,Cooper,,,Dimitri Pisarev:,/wiki/James_Fenimore_Cooper,13.636388888888888,0.21666666666666667,1789-09-15 00:00:00
389,Edward Caird, (1835–1908),Benjamin Jowett:,Henry Jones:John Watson:,/wiki/Edward_Caird,13.636388888888888,0.21666666666666667,1835-03-23 00:00:00
390,George,,,Ludwig Klages:,/wiki/Stefan_Ge,FILL,FILL,FILL
391,Bruno Bauer, (1809–1882),David Strauss:Arthur de Gobineau:Ludwig Feuerbach:G. W. F. Hegel:Max Stirner:,Charles Darwin:Friedrich Engels:Arthur Drews:Karl Marx:Sigmund Freud:Karl Kautsky:Friedrich Nietzsche:Max Stirner:,/wiki/Bruno_Bauer,13.636388888888888,0.21666666666666667,1809-09-06 00:00:00
392,Guyau,,,Peter Kropotkin:,/wiki/Jean-Marie_Guyau,47.7203,13.6333,1854-10-28 00:00:00
393,Ernst Abbe,,,Gottlob Frege:,/wiki/Ernst_Abbe,13.636388888888888,0.21666666666666667,1840-01-23 00:00:00
394,R. G. Collingwood, (1889–1943),Giovanni Gentile:Immanuel Kant:Wilhelm Dilthey:Guido de Ruggiero:J. A. Smith:Benedetto Croce:Giambattista Vico:G. W. F. Hegel:F. H. Bradley:,Alasdair MacIntyre:Leo Strauss:,/wiki/R._G._Collingwood,13.636388888888888,0.21666666666666667,1889-02-22 00:00:00
395,Leonhard Ragaz,,,Emil Brunner:,/wiki/Leonhard_Ragaz,39.5269,119,1868-07-28 00:00:00
396,Heinrich Blücher,,,Hannah Arendt:,/wiki/Heinrich_Bl%C3%BCcher,13.636388888888888,0.21666666666666667,1899-01-29 00:00:00
397,Leo Frobenius,,,Oswald Spengler:,/wiki/Leo_Frobenius,43.7758,7.5028,1873-06-29 00:00:00
398,I Ching,,,Confucius:,/wiki/I_Ching,FILL,FILL,FILL
399,Epimenides,,,Xenophanes:,/wiki/Epimenides,FILL,FILL,FILL
400,William of Sherwood,,,Roger Bacon:,/wiki/William_of_Sherwood,FILL,FILL,FILL
401,Gouhier,,,Pierre Bourdieu:,/wiki/Henri_Gouhier,FILL,FILL,FILL
402,Edward Coke,,,Edmund Burke:,/wiki/Edward_Coke,13.636388888888888,0.21666666666666667,1552-02-01 00:00:00
403,Ibn Taymiya, (1263–1328),Abdul Qadir Gilani:Al-Hasan ibn 'Ali al-Barbahari:Muhammad ibn Karram:,Al-Maqrizi:Ibn Al-Qayyim:Ibn al-Wardi:Ibn Muflih:Safar Al-Hawali:Muhammad ibn Abd al-Wahhab:Ibn Kathir:al-Dhahabi:Yusuf ibn Abd al-Rahman al-Mizzi:Ibn Abd al-Hadi:Rashid Rida:Ibn Rajab al-Hanbali:,/wiki/Ibn_Taymiya,48.87083333333334,2.3558333333333334,0661-11-01 00:00:00
404,Jaegwon Kim, (1934–2019),Carl Hempel:Roderick Chisholm:,Dean Zimmerman:,/wiki/Jaegwon_Kim,53.3233,6.0006,1934-09-12 00:00:00
405,Gerhard Hessenberg,,,Leonard Nelson:,/wiki/Gerhard_Hessenberg,13.636388888888888,0.21666666666666667,1874-08-16 00:00:00
406,Franz Joseph Gall,,,Jerry Fodor:,/wiki/Franz_Joseph_Gall,53.9261,18.7011,1758-03-09 00:00:00
407,Jean Wahl, (1888–1974),Søren Kierkegaard:Nicolai Hartmann:George Santayana:Martin Heidegger:William James:Henri Bergson:G. W. F. Hegel:,Emmanuel Levinas:Gilles Deleuze:Jean-Paul Sartre:,/wiki/Jean_Wahl,45.0333,38.9833,1888-05-25 00:00:00
408,Alexis de Tocqueville, (1805–1859),Aristotle:Montesquieu:Voltaire:Malesherbes:Rousseau:Senior:Pascal:,Pierre Hassner:Max Weber:Claude Lefort:Emmanuel Todd:Raymond Aron:Juan Bautista Alberdi:John Stuart Mill:Pierre Manent:Nassau William Senior:Harvey Mansfield:Camillo Benso of Cavour:Leo Strauss:Friedrich Hayek:,/wiki/Alexis_de_Tocqueville,13.636388888888888,0.21666666666666667,1805-07-29 00:00:00
409,Jacques Rancière, (born 1940),Lacan:Aristotle:Lyotard:Plato:Marx:Althusser:Lefort:Arendt:Badiou:Foucault:,Žižek:Critchley:Kristin Ross:Jodi Dean:Gabriel Rockhill:Todd May:Laclau:Levi Bryant:Bernard Aspe:,/wiki/Jacques_Ranci%C3%A8re,50.8432,4.363,1940-06-10 00:00:00
410,Carl Jung, (1875–1961),Nietzsche:Carus:Janet:Hartmann:Schiller:Flournoy:Heraclitus:Laozi:James:Freud:Goethe:Moltzer:Kant:Bleuler:Meister Eckhart:Schopenhauer:,Erich Neumann:Sonu Shamdasani:Joseph Campbell:Gaston Bachelard:Wolfgang Pauli:Carl Rogers:Terence McKenna:Ross Nichols:James Hillman:Jean Piaget:Arnold J. Toynbee:Freud:Alan Watts:Robert Anton Wilson:Jordan Peterson:Philip K. Dick:Hermann Hesse:,/wiki/Carl_Jung,50.8333,8.3167,1875-07-26 00:00:00
411,Moritz Schlick, (1882–1936),Arthur Schopenhauer:Immanuel Kant:Ernst Mach:Alois Riehl:Ludwig Wittgenstein:Bertrand Russell:Max Planck:Wilhelm Wundt:,Vienna Circle:Herbert Feigl:Albert Einstein:Susan Stebbing:Gustav Bergmann:Kurt Gödel:Albert Blumberg:,/wiki/Moritz_Schlick,13.636388888888888,0.21666666666666667,1882-04-14 00:00:00
412,Augustin Thierry,,,Antonio Rosmini-Serbati:,/wiki/Augustin_Thierry,49.0383,7.9469,1795-05-10 00:00:00
413,Valentine Weigel,,,Jakob Böhme:,/wiki/Valentin_Weigel,FILL,FILL,FILL
414,Wilhelm von Humboldt, (1767–1835),Immanuel Kant:J. G. Fichte:Christian Jakob Kraus:Johann Gottfried Herder:,Alexander Potebnja:Joxe Azurmendi:Ernst Cassirer:John Stuart Mill:Valentin Voloshinov:Noam Chomsky:August Schleicher:,/wiki/Wilhelm_von_Humboldt,6.05,147.0833,1767-06-22 00:00:00
415,Pavel Florensky,,,Aleksei Losev:,/wiki/Pavel_Florensky,FILL,FILL,FILL
416,Iris Murdoch, (1919–1999),Plato:Stuart Hampshire:Simone Weil:Jean-Paul Sartre:Philippa Foot:,Elizabeth Anscombe:Martha Nussbaum:Philippa Foot:,/wiki/Iris_Murdoch,13.636388888888888,0.21666666666666667,1919-07-15 00:00:00
417,Alain Badiou, (born 1937) ,G. W. F. Hegel:Georges Canguilhem:Jean Hyppolite:Mao Zedong:Vladimir Lenin:Sylvain Lazarus:Plato:Stéphane Mallarmé:Karl Marx:Fernando Pessoa:Samuel Beckett:Jacques Lacan:Paul Cohen:Jean-François Lyotard:Gilles Deleuze:Louis Althusser:Friedrich Nietzsche:Jean-Paul Sartre:Georg Cantor:,Ray Brassier:Peter Hallward:Quentin Meillassoux:Mehdi Belhaj Kacem:Jason Barker:Justin Clemens:Nina Power:François Laruelle:Simon Critchley:Alberto Toscano:Tristan Garcia:Oliver Feltham:Sylvain Lazarus:Slavoj Žižek:,/wiki/Alain_Badiou,55.8297,37.6322,1937-01-17 00:00:00
418,Jacques Camatte,,,Antonio Negri:,/wiki/Jacques_Camatte,49.611666666666665,6.13,1935
419,Lucan,,,Augustine of Hippo:,/wiki/Lucan,25.28527777777778,51.530833333333334,2039-11-03 00:00:00
420,Greene,,,Lysander Spooner:,/wiki/William_Batchelder_Greene,13.636388888888888,0.21666666666666667,1819-04-04 00:00:00
421,Cyril of Alexandria,,,John of Damascus:,/wiki/Cyril_of_Alexandria,38.894999999999996,-77.03611111111111,376
422,L. Susan Stebbing,,,Max Black:,/wiki/Susan_Stebbing,13.636388888888888,0.21666666666666667,1885-12-02 00:00:00
423,Sophocles,,,Friedrich Nietzsche:,/wiki/Sophocles,49.5,123,-497
424,Panofsky,,,Pierre Bourdieu:,/wiki/Erwin_Panofsky,6.4667,2.6,1892-03-30 00:00:00
425,Al-Ghazali, (1058–1111),Harith al-Muhasibi:Al-Juwayni:,Fakhruddin Razi:Al-Nawawi:Abu Bakr ibn al-Arabi:Sayf al-Din al-Amidi:Asad Mayhani:Ali al-Qari:Ayn al-Quzat Hamadani:René Descartes:Ibn Tumart:Tan Malaka:Muhammad Ibn Yahya al-Janzi:David Hume:Shah Waliullah Dehlawi:Suyuti:Maimonides:Thomas Aquinas:,/wiki/Al-Ghazali,13.636388888888888,0.21666666666666667,1058
426,Leibowitz,,,Leo Strauss:,/wiki/Nechama_Leibowitz,35.4944,23.6533,1905-09-03 00:00:00
427,Céline,,,Jean-Paul Sartre:,/wiki/Louis-Ferdinand_C%C3%A9line,13.636388888888888,0.21666666666666667,1894-05-27 00:00:00
428,Serge Latouche,,,Cornelius Castoriadis:,/wiki/Serge_Latouche,51.03,4.0989,1940-01-12 00:00:00
